{"type":"FeatureCollection","features":[{"type":"Feature","properties":{"id":"relation/2171716","nom_qua":"Quartier du Bel-Air","name":"Quartier du Bel-Air","quartier":"Quartier du Bel-Air","arrondissement":"","ref_INSEE":""},"geometry":{"type":"Polygon","coordinates":[[[2.43794,48.84457],[2.4379,48.84437],[2.43755,48.84266],[2.43753,48.84257],[2.43727,48.84129],[2.43719,48.84089],[2.43414,48.84115],[2.43396,48.84117],[2.43368,48.84119],[2.43364,48.84099],[2.43245,48.84109],[2.42827,48.84145],[2.42756,48.84151],[2.42557,48.84168],[2.42509,48.84172],[2.42505,48.84172],[2.42476,48.84177],[2.42482,48.8419],[2.42457,48.84195],[2.42406,48.84233],[2.4237,48.84269],[2.42348,48.84298],[2.42319,48.8434],[2.42307,48.84359],[2.42294,48.84378],[2.42286,48.84389],[2.42276,48.84401],[2.42257,48.8442],[2.42245,48.8443],[2.42234,48.84437],[2.42211,48.8445],[2.41998,48.84347],[2.41991,48.84336],[2.41992,48.8433],[2.41992,48.84323],[2.41991,48.84315],[2.4199,48.8431],[2.41988,48.84305],[2.41987,48.84303],[2.41982,48.84296],[2.41977,48.8429],[2.41971,48.84283],[2.41964,48.84278],[2.41958,48.84274],[2.41954,48.84269],[2.41942,48.84249],[2.41957,48.84154],[2.41986,48.84107],[2.42003,48.8409],[2.42027,48.84069],[2.42038,48.84055],[2.42042,48.8405],[2.4206,48.84019],[2.42072,48.83995],[2.42086,48.83965],[2.42099,48.8393],[2.42107,48.83905],[2.42122,48.83856],[2.4213,48.83825],[2.42142,48.83771],[2.42153,48.83715],[2.42156,48.83704],[2.42164,48.83681],[2.4217,48.83667],[2.42218,48.83581],[2.42211,48.83578],[2.4216,48.83555],[2.41887,48.83452],[2.41733,48.83404],[2.41712,48.83399],[2.41689,48.83393],[2.41664,48.83387],[2.41634,48.8338],[2.41611,48.83376],[2.41586,48.83372],[2.41561,48.83368],[2.41536,48.83365],[2.41512,48.83363],[2.41488,48.83361],[2.41462,48.83359],[2.41437,48.83358],[2.41414,48.83357],[2.41391,48.83357],[2.41365,48.83358],[2.41343,48.83359],[2.41313,48.8336],[2.41279,48.83363],[2.41143,48.83383],[2.41123,48.83387],[2.41132,48.83392],[2.4114,48.83397],[2.41193,48.83432],[2.41228,48.83455],[2.41241,48.83492],[2.41249,48.83512],[2.41277,48.83589],[2.41279,48.83592],[2.41286,48.83612],[2.41292,48.83631],[2.41296,48.8364],[2.41298,48.83646],[2.413,48.83652],[2.41302,48.83657],[2.41304,48.83661],[2.4131,48.83678],[2.41314,48.8369],[2.41331,48.83734],[2.41335,48.83744],[2.41337,48.83751],[2.41351,48.83788],[2.41353,48.83795],[2.41354,48.83799],[2.4136,48.83818],[2.41364,48.83833],[2.41372,48.8386],[2.41378,48.83881],[2.41379,48.83885],[2.4138,48.83889],[2.41382,48.83893],[2.41385,48.83904],[2.41386,48.83908],[2.41389,48.83917],[2.4139,48.83921],[2.41391,48.83923],[2.41393,48.83931],[2.41393,48.83933],[2.41396,48.83942],[2.41398,48.8395],[2.41406,48.83975],[2.41407,48.83978],[2.41425,48.84041],[2.41426,48.84044],[2.41429,48.84054],[2.41431,48.84063],[2.41435,48.84075],[2.41449,48.84123],[2.41514,48.84332],[2.41518,48.84343],[2.41518,48.84344],[2.41521,48.84353],[2.41525,48.84367],[2.41531,48.84387],[2.41569,48.84511],[2.41572,48.84525],[2.41575,48.84536],[2.41577,48.84545],[2.41579,48.84558],[2.41579,48.84558],[2.41581,48.84567],[2.41586,48.84592],[2.41587,48.84596],[2.41594,48.84644],[2.41594,48.8465],[2.41599,48.84661],[2.41553,48.84666],[2.4152,48.84669],[2.41405,48.84678],[2.41399,48.84679],[2.41396,48.84679],[2.41384,48.8468],[2.41133,48.84702],[2.41079,48.84707],[2.40881,48.84725],[2.40783,48.84732],[2.40631,48.84744],[2.40345,48.84772],[2.39927,48.84808],[2.39919,48.84809],[2.39912,48.8481],[2.39897,48.84737],[2.39912,48.84728],[2.40231,48.84512],[2.40225,48.84496],[2.40174,48.84357],[2.40154,48.84305],[2.40152,48.84298],[2.40086,48.84121],[2.4006,48.84052],[2.40029,48.83969],[2.40028,48.83966],[2.40028,48.83964],[2.40028,48.83961],[2.40029,48.83958],[2.4003,48.83956],[2.40031,48.83953],[2.40033,48.8395],[2.40035,48.83948],[2.40038,48.83945],[2.40047,48.83936],[2.40104,48.83883],[2.40127,48.83861],[2.40219,48.83745],[2.40221,48.83709],[2.40286,48.8363],[2.40292,48.83622],[2.40297,48.83615],[2.40346,48.83552],[2.40348,48.83549],[2.40445,48.83425],[2.40237,48.83349],[2.40226,48.83345],[2.40219,48.83342],[2.40327,48.8327],[2.40342,48.8326],[2.40357,48.83253],[2.40375,48.83246],[2.40397,48.8324],[2.40407,48.83238],[2.40417,48.83236],[2.40486,48.83234],[2.40494,48.83234],[2.4051,48.83232],[2.40517,48.83231],[2.4055,48.83226],[2.40599,48.8322],[2.40645,48.83211],[2.40653,48.83209],[2.40692,48.83201],[2.40719,48.83194],[2.4075,48.83182],[2.40762,48.83177],[2.40778,48.83171],[2.40805,48.8316],[2.40825,48.83149],[2.40837,48.83142],[2.40842,48.83139],[2.40858,48.83131],[2.4088,48.83116],[2.40901,48.831],[2.40923,48.83083],[2.40948,48.83059],[2.41011,48.83024],[2.41054,48.83002],[2.41082,48.82987],[2.41122,48.82968],[2.41167,48.82946],[2.41198,48.82932],[2.4125,48.82911],[2.41304,48.82888],[2.41351,48.82869],[2.41401,48.82851],[2.41442,48.82837],[2.41482,48.82823],[2.4152,48.82812],[2.41543,48.82806],[2.41585,48.82797],[2.41629,48.8279],[2.41664,48.82785],[2.41698,48.82783],[2.41731,48.82781],[2.41765,48.8278],[2.41803,48.8278],[2.41841,48.82782],[2.41872,48.82784],[2.41895,48.82787],[2.41916,48.82808],[2.41934,48.82829],[2.41947,48.82849],[2.41964,48.82874],[2.41972,48.82891],[2.42026,48.82971],[2.4206,48.82963],[2.42091,48.82957],[2.42107,48.82954],[2.42146,48.82948],[2.42185,48.82943],[2.42231,48.82939],[2.42267,48.82937],[2.4227,48.82937],[2.42307,48.82937],[2.42343,48.82938],[2.4238,48.82938],[2.42413,48.82938],[2.4245,48.82936],[2.42489,48.82931],[2.42532,48.82925],[2.4256,48.8292],[2.4259,48.82914],[2.42619,48.82906],[2.42649,48.82897],[2.42683,48.82886],[2.42736,48.82957],[2.42936,48.83228],[2.42938,48.8325],[2.42941,48.83268],[2.42946,48.83289],[2.42953,48.83311],[2.42959,48.83329],[2.42967,48.83347],[2.42975,48.83362],[2.42983,48.83378],[2.42997,48.83403],[2.43012,48.83428],[2.43023,48.83447],[2.43029,48.83455],[2.43076,48.83484],[2.43109,48.83505],[2.43134,48.83517],[2.43142,48.83554],[2.43214,48.83546],[2.4328,48.83539],[2.43778,48.8348],[2.43844,48.83474],[2.43955,48.83461],[2.44461,48.834],[2.4452,48.83395],[2.44588,48.83406],[2.44687,48.83423],[2.44799,48.83442],[2.44879,48.83458],[2.44922,48.83469],[2.44997,48.83488],[2.45065,48.83506],[2.45147,48.8353],[2.45195,48.83544],[2.4526,48.83567],[2.45315,48.83585],[2.45322,48.83579],[2.45347,48.83553],[2.45394,48.83504],[2.45423,48.83477],[2.45475,48.83425],[2.45517,48.8339],[2.45564,48.83353],[2.45638,48.83299],[2.45686,48.83266],[2.45761,48.83218],[2.45805,48.83188],[2.45986,48.83069],[2.46071,48.83012],[2.46133,48.8297],[2.46263,48.82881],[2.46302,48.8285],[2.46354,48.82809],[2.46407,48.82763],[2.46425,48.82744],[2.46445,48.82718],[2.46463,48.82733],[2.46473,48.82743],[2.46461,48.82763],[2.46455,48.82794],[2.46451,48.82861],[2.46464,48.82936],[2.46498,48.83045],[2.4651,48.83084],[2.46523,48.83115],[2.46536,48.83141],[2.46549,48.8316],[2.46572,48.83189],[2.4659,48.83207],[2.46609,48.83225],[2.46643,48.83252],[2.46673,48.83272],[2.46769,48.83322],[2.4681,48.8334],[2.46838,48.83354],[2.46859,48.83368],[2.46876,48.83382],[2.46894,48.83399],[2.46905,48.83412],[2.46918,48.83428],[2.4693,48.83445],[2.46939,48.83461],[2.46949,48.83483],[2.46963,48.83528],[2.4697,48.83556],[2.46976,48.83638],[2.46976,48.83645],[2.46975,48.83649],[2.46972,48.83655],[2.4697,48.83659],[2.4695,48.83689],[2.46942,48.837],[2.46931,48.83712],[2.46846,48.83787],[2.46723,48.83909],[2.46654,48.83994],[2.46638,48.84011],[2.46594,48.84051],[2.46566,48.84073],[2.46529,48.84102],[2.46499,48.84123],[2.46455,48.84152],[2.46423,48.84171],[2.46384,48.84191],[2.46326,48.84216],[2.46273,48.84237],[2.46221,48.84255],[2.46174,48.84269],[2.46113,48.84285],[2.46112,48.84285],[2.46084,48.84292],[2.4597,48.84314],[2.45806,48.84346],[2.45367,48.84402],[2.4522,48.84423],[2.44939,48.84464],[2.44784,48.84479],[2.44768,48.84481],[2.44649,48.84492],[2.44641,48.84493],[2.44655,48.84573],[2.44653,48.84575],[2.44412,48.84585],[2.44077,48.84592],[2.4407,48.84528],[2.4407,48.84525],[2.4407,48.84522],[2.44069,48.84521],[2.44087,48.84521],[2.44081,48.84487],[2.44062,48.84489],[2.44061,48.84485],[2.4406,48.84481],[2.44059,48.84478],[2.44058,48.8447],[2.44054,48.84448],[2.44052,48.8444],[2.44051,48.84435],[2.43947,48.84444],[2.43938,48.84444],[2.43873,48.8445],[2.43794,48.84457]]]}},{"type":"Feature","properties":{"id":"relation/2171718","nom_qua":"Quartier de Bercy","name":"Quartier de Bercy","quartier":"Quartier de Bercy","arrondissement":"","ref_INSEE":""},"geometry":{"type":"Polygon","coordinates":[[[2.38338,48.84485],[2.383,48.84483],[2.38157,48.84429],[2.38007,48.84373],[2.3786,48.84318],[2.37652,48.84224],[2.37636,48.84216],[2.37241,48.84017],[2.37248,48.84013],[2.37289,48.83985],[2.3748,48.8381],[2.37734,48.8358],[2.38675,48.82825],[2.38763,48.82755],[2.39026,48.82573],[2.39095,48.82603],[2.39321,48.82702],[2.3933,48.82705],[2.39435,48.82751],[2.39575,48.82773],[2.39977,48.82888],[2.401,48.82922],[2.40131,48.82931],[2.40149,48.82937],[2.39952,48.83064],[2.39784,48.83172],[2.39779,48.83175],[2.39774,48.83178],[2.39758,48.83189],[2.39736,48.83203],[2.39653,48.83257],[2.39487,48.83362],[2.39469,48.83372],[2.39418,48.83406],[2.3929,48.83523],[2.3928,48.83528],[2.39273,48.83534],[2.39237,48.83582],[2.3922,48.83602],[2.39211,48.83614],[2.39146,48.83702],[2.39127,48.83719],[2.3912,48.8373],[2.39105,48.83742],[2.38959,48.83863],[2.38959,48.83866],[2.38927,48.83899],[2.38737,48.84115],[2.38695,48.84158],[2.38652,48.84201],[2.38639,48.84218],[2.38569,48.84289],[2.38534,48.84326],[2.38512,48.84345],[2.38439,48.84405],[2.38428,48.84415],[2.38392,48.84444],[2.38347,48.8448],[2.38341,48.84483],[2.38338,48.84485]]]}},{"type":"Feature","properties":{"id":"relation/2171720","nom_qua":"Quartier de Picpus","name":"Quartier de Picpus","quartier":"Quartier de Picpus","arrondissement":"","ref_INSEE":""},"geometry":{"type":"Polygon","coordinates":[[[2.38338,48.84485],[2.38341,48.84483],[2.38347,48.8448],[2.38392,48.84444],[2.38428,48.84415],[2.38439,48.84405],[2.38512,48.84345],[2.38534,48.84326],[2.38569,48.84289],[2.38639,48.84218],[2.38652,48.84201],[2.38695,48.84158],[2.38737,48.84115],[2.38927,48.83899],[2.38959,48.83866],[2.38959,48.83863],[2.39105,48.83742],[2.3912,48.8373],[2.39127,48.83719],[2.39146,48.83702],[2.39211,48.83614],[2.3922,48.83602],[2.39237,48.83582],[2.39273,48.83534],[2.3928,48.83528],[2.3929,48.83523],[2.39418,48.83406],[2.39469,48.83372],[2.39487,48.83362],[2.39653,48.83257],[2.39736,48.83203],[2.39758,48.83189],[2.39774,48.83178],[2.39779,48.83175],[2.39784,48.83172],[2.39952,48.83064],[2.40149,48.82937],[2.40249,48.82965],[2.40308,48.82942],[2.40366,48.82918],[2.40392,48.82907],[2.40427,48.8289],[2.40458,48.82872],[2.40492,48.82852],[2.40519,48.82833],[2.40545,48.82815],[2.40623,48.82757],[2.40652,48.82736],[2.40728,48.82676],[2.40771,48.82647],[2.40831,48.82609],[2.40877,48.82583],[2.40924,48.82559],[2.40962,48.82542],[2.4099,48.82531],[2.41005,48.82526],[2.41024,48.82519],[2.41026,48.82519],[2.41052,48.82512],[2.4108,48.82505],[2.41129,48.82497],[2.41184,48.82489],[2.4123,48.82484],[2.41262,48.82482],[2.41319,48.82479],[2.41385,48.8248],[2.41462,48.82485],[2.41516,48.82486],[2.41566,48.82486],[2.41607,48.82484],[2.41639,48.82482],[2.41671,48.82479],[2.41722,48.82472],[2.41763,48.82464],[2.41772,48.82462],[2.41781,48.82461],[2.41791,48.82458],[2.41807,48.82454],[2.41868,48.82438],[2.41903,48.8243],[2.41923,48.82426],[2.41933,48.82425],[2.41932,48.82421],[2.41955,48.82418],[2.41986,48.82415],[2.41995,48.82415],[2.42023,48.82412],[2.42036,48.82411],[2.4208,48.8241],[2.42112,48.82411],[2.42169,48.82413],[2.42171,48.82415],[2.42178,48.82415],[2.42199,48.82416],[2.42253,48.82419],[2.42287,48.82421],[2.42398,48.82426],[2.42448,48.82427],[2.42495,48.82427],[2.42565,48.82425],[2.42596,48.82423],[2.4265,48.82418],[2.42715,48.82411],[2.42783,48.82401],[2.42838,48.82391],[2.42895,48.82379],[2.42925,48.82371],[2.42975,48.82357],[2.43024,48.8234],[2.43069,48.82323],[2.43062,48.82316],[2.43055,48.82308],[2.43039,48.82288],[2.43215,48.82164],[2.43219,48.82162],[2.43262,48.8219],[2.43266,48.82187],[2.43275,48.8218],[2.43285,48.82172],[2.43289,48.82169],[2.43247,48.82142],[2.4343,48.82016],[2.43427,48.81992],[2.43418,48.81928],[2.43432,48.81939],[2.4345,48.81937],[2.43482,48.81954],[2.43493,48.81959],[2.43508,48.81963],[2.43514,48.81965],[2.43516,48.81965],[2.43596,48.8196],[2.43611,48.81958],[2.43627,48.81956],[2.43646,48.81952],[2.43676,48.81943],[2.43697,48.81936],[2.43709,48.81932],[2.43725,48.81924],[2.43736,48.81918],[2.43747,48.8191],[2.43743,48.81883],[2.43739,48.81859],[2.43735,48.81822],[2.43959,48.81836],[2.43975,48.81837],[2.43986,48.81836],[2.44001,48.81835],[2.44165,48.81804],[2.44216,48.81798],[2.44267,48.81796],[2.44498,48.81795],[2.44761,48.81803],[2.44964,48.81796],[2.45083,48.81781],[2.45332,48.81729],[2.45389,48.81722],[2.45455,48.81714],[2.45469,48.81713],[2.45722,48.81702],[2.45863,48.81701],[2.45925,48.81725],[2.4592,48.81733],[2.45975,48.81754],[2.46131,48.8183],[2.4628,48.81903],[2.46281,48.81908],[2.46252,48.81927],[2.46264,48.81934],[2.46291,48.8202],[2.46467,48.82327],[2.46472,48.82328],[2.46525,48.8245],[2.46517,48.82469],[2.4651,48.82499],[2.46536,48.825],[2.46569,48.82607],[2.46576,48.82628],[2.46585,48.8265],[2.46618,48.82733],[2.46543,48.82757],[2.46523,48.82767],[2.46509,48.82754],[2.4649,48.82757],[2.46461,48.82763],[2.46473,48.82743],[2.46463,48.82733],[2.46445,48.82718],[2.46425,48.82744],[2.46407,48.82763],[2.46354,48.82809],[2.46302,48.8285],[2.46263,48.82881],[2.46133,48.8297],[2.46071,48.83012],[2.45986,48.83069],[2.45805,48.83188],[2.45761,48.83218],[2.45686,48.83266],[2.45638,48.83299],[2.45564,48.83353],[2.45517,48.8339],[2.45475,48.83425],[2.45423,48.83477],[2.45394,48.83504],[2.45347,48.83553],[2.45322,48.83579],[2.45315,48.83585],[2.4526,48.83567],[2.45195,48.83544],[2.45147,48.8353],[2.45065,48.83506],[2.44997,48.83488],[2.44922,48.83469],[2.44879,48.83458],[2.44799,48.83442],[2.44687,48.83423],[2.44588,48.83406],[2.4452,48.83395],[2.44461,48.834],[2.43955,48.83461],[2.43844,48.83474],[2.43778,48.8348],[2.4328,48.83539],[2.43214,48.83546],[2.43142,48.83554],[2.43134,48.83517],[2.43109,48.83505],[2.43076,48.83484],[2.43029,48.83455],[2.43023,48.83447],[2.43012,48.83428],[2.42997,48.83403],[2.42983,48.83378],[2.42975,48.83362],[2.42967,48.83347],[2.42959,48.83329],[2.42953,48.83311],[2.42946,48.83289],[2.42941,48.83268],[2.42938,48.8325],[2.42936,48.83228],[2.42736,48.82957],[2.42683,48.82886],[2.42649,48.82897],[2.42619,48.82906],[2.4259,48.82914],[2.4256,48.8292],[2.42532,48.82925],[2.42489,48.82931],[2.4245,48.82936],[2.42413,48.82938],[2.4238,48.82938],[2.42343,48.82938],[2.42307,48.82937],[2.4227,48.82937],[2.42267,48.82937],[2.42231,48.82939],[2.42185,48.82943],[2.42146,48.82948],[2.42107,48.82954],[2.42091,48.82957],[2.4206,48.82963],[2.42026,48.82971],[2.41972,48.82891],[2.41964,48.82874],[2.41947,48.82849],[2.41934,48.82829],[2.41916,48.82808],[2.41895,48.82787],[2.41872,48.82784],[2.41841,48.82782],[2.41803,48.8278],[2.41765,48.8278],[2.41731,48.82781],[2.41698,48.82783],[2.41664,48.82785],[2.41629,48.8279],[2.41585,48.82797],[2.41543,48.82806],[2.4152,48.82812],[2.41482,48.82823],[2.41442,48.82837],[2.41401,48.82851],[2.41351,48.82869],[2.41304,48.82888],[2.4125,48.82911],[2.41198,48.82932],[2.41167,48.82946],[2.41122,48.82968],[2.41082,48.82987],[2.41054,48.83002],[2.41011,48.83024],[2.40948,48.83059],[2.40923,48.83083],[2.40901,48.831],[2.4088,48.83116],[2.40858,48.83131],[2.40842,48.83139],[2.40837,48.83142],[2.40825,48.83149],[2.40805,48.8316],[2.40778,48.83171],[2.40762,48.83177],[2.4075,48.83182],[2.40719,48.83194],[2.40692,48.83201],[2.40653,48.83209],[2.40645,48.83211],[2.40599,48.8322],[2.4055,48.83226],[2.40517,48.83231],[2.4051,48.83232],[2.40494,48.83234],[2.40486,48.83234],[2.40417,48.83236],[2.40407,48.83238],[2.40397,48.8324],[2.40375,48.83246],[2.40357,48.83253],[2.40342,48.8326],[2.40327,48.8327],[2.40219,48.83342],[2.40226,48.83345],[2.40237,48.83349],[2.40445,48.83425],[2.40348,48.83549],[2.40346,48.83552],[2.40297,48.83615],[2.40292,48.83622],[2.40286,48.8363],[2.40221,48.83709],[2.40219,48.83745],[2.40127,48.83861],[2.40104,48.83883],[2.40047,48.83936],[2.40038,48.83945],[2.40035,48.83948],[2.40033,48.8395],[2.40031,48.83953],[2.4003,48.83956],[2.40029,48.83958],[2.40028,48.83961],[2.40028,48.83964],[2.40028,48.83966],[2.40029,48.83969],[2.4006,48.84052],[2.40086,48.84121],[2.40152,48.84298],[2.40154,48.84305],[2.40174,48.84357],[2.40225,48.84496],[2.40231,48.84512],[2.39912,48.84728],[2.39897,48.84737],[2.39912,48.8481],[2.39907,48.8481],[2.39898,48.84811],[2.39591,48.84839],[2.39501,48.84851],[2.3946,48.84857],[2.39448,48.84859],[2.39434,48.84861],[2.39423,48.84863],[2.39301,48.84881],[2.39246,48.84889],[2.39226,48.84892],[2.39201,48.84896],[2.39174,48.849],[2.39158,48.84903],[2.39109,48.8491],[2.39026,48.84923],[2.39018,48.84924],[2.39008,48.84925],[2.3899,48.84928],[2.38948,48.84934],[2.3894,48.84936],[2.38907,48.84941],[2.3885,48.84949],[2.38828,48.84953],[2.38734,48.84967],[2.38723,48.84969],[2.38631,48.84982],[2.38504,48.85003],[2.38488,48.85005],[2.38468,48.85008],[2.38443,48.85012],[2.38434,48.85001],[2.38409,48.84868],[2.3838,48.84712],[2.38379,48.84709],[2.38377,48.84701],[2.38375,48.84688],[2.38341,48.845],[2.38338,48.84485]]]}},{"type":"Feature","properties":{"id":"relation/2172736","nom_qua":"Quartier de l'Arsenal","name":"Quartier de l'Arsenal","quartier":"Quartier de l'Arsenal","arrondissement":"","ref_INSEE":""},"geometry":{"type":"Polygon","coordinates":[[[2.36518,48.84681],[2.36531,48.84666],[2.3665,48.84737],[2.36732,48.84921],[2.36831,48.85139],[2.36914,48.85316],[2.36886,48.85425],[2.36885,48.85433],[2.36882,48.85444],[2.36882,48.85446],[2.36878,48.8546],[2.36873,48.85481],[2.3687,48.85495],[2.3686,48.85538],[2.36853,48.85571],[2.3685,48.85578],[2.36833,48.85578],[2.36732,48.85594],[2.36731,48.85595],[2.36731,48.85595],[2.36725,48.85596],[2.36673,48.85604],[2.36656,48.85605],[2.36583,48.85617],[2.36575,48.85618],[2.36569,48.85619],[2.36497,48.85631],[2.36481,48.85635],[2.36448,48.8564],[2.36441,48.85643],[2.36429,48.85646],[2.36425,48.85641],[2.36374,48.85564],[2.36368,48.85555],[2.36364,48.8555],[2.36348,48.85529],[2.36336,48.85512],[2.36332,48.85507],[2.36328,48.85502],[2.36314,48.85484],[2.363,48.85466],[2.36298,48.85464],[2.36295,48.8546],[2.36277,48.85467],[2.36272,48.85461],[2.36267,48.85457],[2.36239,48.85427],[2.36228,48.85414],[2.36224,48.85409],[2.3621,48.85393],[2.36205,48.85386],[2.36186,48.85363],[2.36183,48.8536],[2.36171,48.85348],[2.36168,48.85345],[2.36158,48.85336],[2.36154,48.85335],[2.36151,48.85333],[2.36134,48.85316],[2.36127,48.85309],[2.36118,48.85301],[2.36118,48.85301],[2.36115,48.85299],[2.36113,48.85297],[2.36109,48.85293],[2.36099,48.85285],[2.36072,48.85262],[2.36069,48.85259],[2.36057,48.85247],[2.36054,48.85244],[2.36047,48.85237],[2.36055,48.85234],[2.36059,48.85232],[2.36061,48.85231],[2.36064,48.85229],[2.36093,48.85214],[2.36099,48.85199],[2.36118,48.85163],[2.3612,48.85152],[2.3612,48.85141],[2.36119,48.85129],[2.36113,48.85107],[2.36114,48.85088],[2.36115,48.85058],[2.36115,48.85055],[2.36115,48.8504],[2.36117,48.85011],[2.3612,48.84993],[2.36128,48.84975],[2.36135,48.84962],[2.3615,48.84943],[2.36164,48.8493],[2.36164,48.8493],[2.36173,48.84923],[2.36294,48.84842],[2.36393,48.84775],[2.36449,48.84737],[2.36461,48.84729],[2.36464,48.84727],[2.36486,48.84712],[2.36493,48.84707],[2.365,48.84698],[2.36518,48.84681]]]}},{"type":"Feature","properties":{"id":"relation/2172737","nom_qua":"Quartier Les Halles","name":"Quartier Les Halles","quartier":"Quartier Les Halles","arrondissement":"","ref_INSEE":""},"geometry":{"type":"Polygon","coordinates":[[[2.34065,48.86504],[2.34047,48.86479],[2.34044,48.86474],[2.34026,48.86446],[2.34002,48.86402],[2.33983,48.86366],[2.33982,48.86363],[2.33977,48.86354],[2.33973,48.86347],[2.33972,48.86344],[2.33951,48.86302],[2.3395,48.86299],[2.33948,48.86295],[2.33939,48.86275],[2.33924,48.86238],[2.33921,48.86234],[2.33919,48.8623],[2.33917,48.86222],[2.33928,48.86218],[2.33946,48.86212],[2.33943,48.86206],[2.33941,48.86204],[2.33937,48.86196],[2.33918,48.86159],[2.33917,48.86157],[2.33915,48.86153],[2.33912,48.86148],[2.33915,48.86145],[2.33925,48.86142],[2.33981,48.86124],[2.34056,48.861],[2.34068,48.86096],[2.34082,48.86091],[2.34103,48.86085],[2.34107,48.86083],[2.3412,48.86079],[2.34126,48.86077],[2.3413,48.86076],[2.34198,48.86052],[2.342,48.86051],[2.34212,48.86048],[2.34219,48.86045],[2.34233,48.86041],[2.34247,48.86036],[2.3425,48.86035],[2.34331,48.86009],[2.34341,48.86006],[2.34352,48.86003],[2.34355,48.86002],[2.34382,48.85994],[2.34398,48.85989],[2.34413,48.85984],[2.34417,48.85982],[2.3448,48.85962],[2.34491,48.85959],[2.34495,48.85957],[2.34516,48.8595],[2.34566,48.85933],[2.34574,48.85931],[2.34578,48.8593],[2.34642,48.85909],[2.34658,48.85904],[2.34661,48.85903],[2.34724,48.85883],[2.34743,48.85877],[2.34766,48.8587],[2.34806,48.85856],[2.34814,48.85854],[2.34822,48.85851],[2.34833,48.85873],[2.34879,48.85954],[2.34955,48.86091],[2.35014,48.86199],[2.35067,48.86294],[2.35095,48.86341],[2.35093,48.86341],[2.35087,48.86343],[2.3508,48.86344],[2.35075,48.86345],[2.35054,48.8635],[2.35009,48.86361],[2.35006,48.86362],[2.34994,48.86365],[2.34989,48.86366],[2.34937,48.86378],[2.34929,48.8638],[2.34914,48.86384],[2.34903,48.86386],[2.34887,48.8639],[2.34863,48.86396],[2.34848,48.864],[2.34766,48.86419],[2.34761,48.86421],[2.3468,48.8644],[2.34675,48.86441],[2.34667,48.86443],[2.34561,48.86468],[2.34479,48.86488],[2.3445,48.86495],[2.34384,48.86511],[2.34326,48.86525],[2.34323,48.86526],[2.3432,48.86526],[2.34293,48.86533],[2.3429,48.86534],[2.34118,48.86575],[2.34105,48.86553],[2.34099,48.86545],[2.34074,48.86513],[2.34065,48.86504]]]}},{"type":"Feature","properties":{"id":"relation/2172738","nom_qua":"Quartier Les Îles","name":"Quartier Les Îles","quartier":"Quartier Les Îles","arrondissement":"","ref_INSEE":""},"geometry":{"type":"Polygon","coordinates":[[[2.36531,48.84666],[2.36518,48.84681],[2.365,48.84698],[2.36493,48.84707],[2.36486,48.84712],[2.36464,48.84727],[2.36461,48.84729],[2.36449,48.84737],[2.36393,48.84775],[2.36294,48.84842],[2.36173,48.84923],[2.36164,48.8493],[2.36164,48.8493],[2.3615,48.84943],[2.36135,48.84962],[2.36128,48.84975],[2.3612,48.84993],[2.36117,48.85011],[2.36115,48.8504],[2.36115,48.85055],[2.36115,48.85058],[2.36114,48.85088],[2.36113,48.85107],[2.36108,48.85138],[2.36103,48.85157],[2.36095,48.85171],[2.36087,48.85183],[2.36082,48.85186],[2.36073,48.85194],[2.36059,48.85202],[2.36047,48.85208],[2.36043,48.8521],[2.36001,48.85225],[2.35963,48.85238],[2.35835,48.85285],[2.35787,48.85308],[2.35751,48.85323],[2.35719,48.85334],[2.35663,48.85351],[2.35652,48.85355],[2.35604,48.85369],[2.35528,48.85394],[2.35482,48.85412],[2.35463,48.8542],[2.35446,48.85428],[2.35428,48.85435],[2.35415,48.85441],[2.35359,48.85467],[2.35307,48.85492],[2.35247,48.85517],[2.35209,48.85527],[2.35146,48.85552],[2.35127,48.85563],[2.35101,48.85578],[2.35063,48.85592],[2.35035,48.85599],[2.34975,48.8562],[2.34948,48.8563],[2.34901,48.85649],[2.34846,48.85664],[2.34777,48.85684],[2.34721,48.857],[2.34702,48.85705],[2.34699,48.85701],[2.34653,48.85628],[2.34647,48.85618],[2.34607,48.85554],[2.34591,48.85532],[2.34586,48.85527],[2.34492,48.85434],[2.34492,48.85434],[2.34492,48.85433],[2.34485,48.85427],[2.34485,48.85427],[2.34484,48.85427],[2.34462,48.85404],[2.34702,48.85327],[2.34833,48.85268],[2.3486,48.85256],[2.34964,48.85214],[2.34987,48.85206],[2.35006,48.85199],[2.35024,48.85194],[2.35095,48.85176],[2.35148,48.85163],[2.35169,48.85158],[2.35251,48.85139],[2.35326,48.85129],[2.35371,48.85122],[2.35476,48.85091],[2.35567,48.85064],[2.3569,48.85024],[2.35797,48.84989],[2.35834,48.84978],[2.35886,48.8496],[2.35923,48.84946],[2.35953,48.84932],[2.35986,48.84916],[2.36047,48.84882],[2.36152,48.84823],[2.36164,48.84816],[2.36249,48.84762],[2.36443,48.84614],[2.36531,48.84666]]]}},{"type":"Feature","properties":{"id":"relation/2172739","nom_qua":"Quartier du Palais Royal","name":"Quartier du Palais Royal","quartier":"Quartier du Palais Royal","arrondissement":"","ref_INSEE":""},"geometry":{"type":"Polygon","coordinates":[[[2.34065,48.86504],[2.34074,48.86513],[2.34099,48.86545],[2.34105,48.86553],[2.34118,48.86575],[2.34087,48.86582],[2.34072,48.86586],[2.3407,48.86586],[2.3405,48.86591],[2.33999,48.86603],[2.3399,48.86605],[2.33965,48.86611],[2.33958,48.86612],[2.33945,48.86615],[2.33927,48.8662],[2.33907,48.86624],[2.33874,48.86632],[2.33867,48.86634],[2.3386,48.86635],[2.33746,48.86662],[2.33736,48.86664],[2.33729,48.86666],[2.33725,48.86667],[2.33656,48.86683],[2.33595,48.86697],[2.33588,48.86699],[2.3358,48.86701],[2.33533,48.86712],[2.33525,48.86714],[2.33468,48.86727],[2.33459,48.86729],[2.3339,48.86745],[2.33385,48.86747],[2.33366,48.86751],[2.33357,48.86735],[2.33354,48.86731],[2.33348,48.86721],[2.33345,48.86717],[2.3331,48.86663],[2.33303,48.86654],[2.33302,48.86652],[2.33198,48.86496],[2.33196,48.86492],[2.33192,48.86486],[2.33141,48.86409],[2.33137,48.86404],[2.33134,48.864],[2.33179,48.86385],[2.33183,48.86384],[2.33209,48.86375],[2.3322,48.86372],[2.33233,48.86367],[2.33238,48.86366],[2.33243,48.86364],[2.33248,48.86363],[2.33358,48.86327],[2.33377,48.86321],[2.33388,48.86317],[2.33392,48.86316],[2.33499,48.86282],[2.33509,48.86278],[2.33518,48.86275],[2.33525,48.86273],[2.33536,48.86269],[2.33548,48.86265],[2.33552,48.86264],[2.33556,48.86263],[2.33622,48.86241],[2.3366,48.86229],[2.33674,48.86224],[2.33677,48.86223],[2.33698,48.86216],[2.33706,48.86214],[2.33712,48.86212],[2.33896,48.86153],[2.33897,48.86153],[2.33912,48.86148],[2.33915,48.86153],[2.33917,48.86157],[2.33918,48.86159],[2.33937,48.86196],[2.33941,48.86204],[2.33943,48.86206],[2.33946,48.86212],[2.33928,48.86218],[2.33917,48.86222],[2.33919,48.8623],[2.33921,48.86234],[2.33924,48.86238],[2.33939,48.86275],[2.33948,48.86295],[2.3395,48.86299],[2.33951,48.86302],[2.33972,48.86344],[2.33973,48.86347],[2.33977,48.86354],[2.33982,48.86363],[2.33983,48.86366],[2.34002,48.86402],[2.34026,48.86446],[2.34044,48.86474],[2.34047,48.86479],[2.34065,48.86504]]]}},{"type":"Feature","properties":{"id":"relation/2172740","nom_qua":"Quartier Saint-Germain-l'Auxerrois","name":"Quartier Saint-Germain-l'Auxerrois","quartier":"Quartier Saint-Germain-l'Auxerrois","arrondissement":"","ref_INSEE":""},"geometry":{"type":"Polygon","coordinates":[[[2.34492,48.85434],[2.34492,48.85434],[2.34586,48.85527],[2.34591,48.85532],[2.34607,48.85554],[2.34647,48.85618],[2.34653,48.85628],[2.34699,48.85701],[2.34702,48.85705],[2.34706,48.85709],[2.34714,48.85713],[2.34719,48.85716],[2.34752,48.85732],[2.34756,48.85736],[2.34773,48.85762],[2.34779,48.85772],[2.34786,48.85785],[2.34801,48.8581],[2.34815,48.8584],[2.34822,48.85851],[2.34814,48.85854],[2.34806,48.85856],[2.34766,48.8587],[2.34743,48.85877],[2.34724,48.85883],[2.34661,48.85903],[2.34658,48.85904],[2.34642,48.85909],[2.34578,48.8593],[2.34574,48.85931],[2.34566,48.85933],[2.34516,48.8595],[2.34495,48.85957],[2.34491,48.85959],[2.3448,48.85962],[2.34417,48.85982],[2.34413,48.85984],[2.34398,48.85989],[2.34382,48.85994],[2.34355,48.86002],[2.34352,48.86003],[2.34341,48.86006],[2.34331,48.86009],[2.3425,48.86035],[2.34247,48.86036],[2.34233,48.86041],[2.34219,48.86045],[2.34212,48.86048],[2.342,48.86051],[2.34198,48.86052],[2.3413,48.86076],[2.34126,48.86077],[2.3412,48.86079],[2.34107,48.86083],[2.34103,48.86085],[2.34082,48.86091],[2.34068,48.86096],[2.34056,48.861],[2.33981,48.86124],[2.33925,48.86142],[2.33915,48.86145],[2.33912,48.86148],[2.33897,48.86153],[2.33896,48.86153],[2.33712,48.86212],[2.33706,48.86214],[2.33698,48.86216],[2.33677,48.86223],[2.33674,48.86224],[2.3366,48.86229],[2.33622,48.86241],[2.33556,48.86263],[2.33552,48.86264],[2.33548,48.86265],[2.33536,48.86269],[2.33525,48.86273],[2.33518,48.86275],[2.33509,48.86278],[2.33499,48.86282],[2.33392,48.86316],[2.33388,48.86317],[2.33377,48.86321],[2.33358,48.86327],[2.33248,48.86363],[2.33243,48.86364],[2.33238,48.86366],[2.33233,48.86367],[2.3322,48.86372],[2.33209,48.86375],[2.33183,48.86384],[2.33179,48.86385],[2.33134,48.864],[2.33122,48.86403],[2.33032,48.86432],[2.33026,48.86434],[2.33022,48.86435],[2.33011,48.86439],[2.32947,48.8646],[2.32939,48.86462],[2.32929,48.86465],[2.32755,48.86522],[2.32751,48.86523],[2.32745,48.86525],[2.32727,48.86531],[2.32699,48.86539],[2.32621,48.86565],[2.32616,48.86566],[2.32612,48.86568],[2.326,48.86571],[2.3252,48.86597],[2.32517,48.86598],[2.32512,48.866],[2.32502,48.86603],[2.32451,48.86619],[2.32421,48.8663],[2.32416,48.86631],[2.32379,48.86637],[2.32375,48.86638],[2.32372,48.86638],[2.32357,48.86639],[2.32349,48.8664],[2.32348,48.8664],[2.32333,48.86618],[2.32272,48.86539],[2.32255,48.86517],[2.32249,48.86509],[2.32246,48.86505],[2.32244,48.86503],[2.32236,48.86493],[2.32235,48.86491],[2.32211,48.86461],[2.32163,48.86399],[2.32157,48.86392],[2.32128,48.86354],[2.3209,48.86306],[2.3233,48.86232],[2.32512,48.86177],[2.32611,48.86148],[2.32715,48.86112],[2.32833,48.86073],[2.3295,48.86026],[2.32982,48.86016],[2.33003,48.8601],[2.33175,48.85965],[2.3327,48.8594],[2.33291,48.85935],[2.33314,48.8593],[2.33661,48.85858],[2.33747,48.8584],[2.33757,48.85859],[2.33763,48.85858],[2.3377,48.8587],[2.33995,48.85823],[2.33931,48.85778],[2.339,48.85757],[2.33951,48.8573],[2.34064,48.85669],[2.34073,48.85664],[2.34096,48.85647],[2.34192,48.85564],[2.34269,48.855],[2.34284,48.85487],[2.34402,48.85429],[2.34424,48.85419],[2.34462,48.85404],[2.34484,48.85427],[2.34485,48.85427],[2.34485,48.85427],[2.34492,48.85433],[2.34492,48.85434]]]}},{"type":"Feature","properties":{"id":"relation/2172741","nom_qua":"Quartier Saint-Gervais","name":"Quartier Saint-Gervais","quartier":"Quartier Saint-Gervais","arrondissement":"","ref_INSEE":""},"geometry":{"type":"Polygon","coordinates":[[[2.36364,48.8555],[2.36368,48.85555],[2.36374,48.85564],[2.36425,48.85641],[2.36429,48.85646],[2.36421,48.85649],[2.36292,48.85687],[2.36284,48.8569],[2.36274,48.85693],[2.36213,48.85713],[2.36182,48.85723],[2.36176,48.85725],[2.36166,48.85729],[2.36163,48.8573],[2.3608,48.85766],[2.36075,48.85768],[2.36043,48.85782],[2.35929,48.85838],[2.35876,48.85868],[2.35868,48.85874],[2.35828,48.85905],[2.35696,48.86004],[2.35689,48.86007],[2.35681,48.86003],[2.35665,48.85986],[2.35614,48.85936],[2.35608,48.85931],[2.35604,48.85927],[2.35573,48.85896],[2.35568,48.85891],[2.35531,48.85854],[2.35526,48.8585],[2.3552,48.85844],[2.3549,48.85814],[2.35467,48.8579],[2.35455,48.85777],[2.35432,48.85756],[2.35424,48.85751],[2.35418,48.85745],[2.35398,48.85708],[2.35396,48.85705],[2.35393,48.85699],[2.35387,48.85696],[2.35381,48.85691],[2.35374,48.85686],[2.35372,48.85684],[2.3537,48.85681],[2.35359,48.85661],[2.35358,48.85659],[2.35356,48.85656],[2.35355,48.85654],[2.35354,48.85651],[2.35353,48.85651],[2.35331,48.85611],[2.35327,48.85604],[2.35321,48.85595],[2.35317,48.85588],[2.35316,48.85585],[2.35303,48.85561],[2.35295,48.85546],[2.35293,48.85542],[2.35286,48.8553],[2.35274,48.85522],[2.35277,48.85521],[2.35283,48.85519],[2.35295,48.85515],[2.35291,48.8551],[2.3529,48.85508],[2.35289,48.85506],[2.35288,48.85505],[2.35305,48.85496],[2.35307,48.85492],[2.35359,48.85467],[2.35415,48.85441],[2.35428,48.85435],[2.35446,48.85428],[2.35463,48.8542],[2.35482,48.85412],[2.35528,48.85394],[2.35604,48.85369],[2.35652,48.85355],[2.35663,48.85351],[2.35719,48.85334],[2.35751,48.85323],[2.35787,48.85308],[2.35835,48.85285],[2.35963,48.85238],[2.36001,48.85225],[2.36043,48.8521],[2.36047,48.85208],[2.36059,48.85202],[2.36073,48.85194],[2.36082,48.85186],[2.36087,48.85183],[2.36095,48.85171],[2.36103,48.85157],[2.36108,48.85138],[2.36113,48.85107],[2.36119,48.85129],[2.3612,48.85141],[2.3612,48.85152],[2.36118,48.85163],[2.36099,48.85199],[2.36093,48.85214],[2.36064,48.85229],[2.36061,48.85231],[2.36059,48.85232],[2.36055,48.85234],[2.36047,48.85237],[2.36054,48.85244],[2.36057,48.85247],[2.36069,48.85259],[2.36072,48.85262],[2.36099,48.85285],[2.36109,48.85293],[2.36113,48.85297],[2.36115,48.85299],[2.36118,48.85301],[2.36118,48.85301],[2.36127,48.85309],[2.36134,48.85316],[2.36151,48.85333],[2.36154,48.85335],[2.36158,48.85336],[2.36168,48.85345],[2.36171,48.85348],[2.36183,48.8536],[2.36186,48.85363],[2.36205,48.85386],[2.3621,48.85393],[2.36224,48.85409],[2.36228,48.85414],[2.36239,48.85427],[2.36267,48.85457],[2.36272,48.85461],[2.36277,48.85467],[2.36295,48.8546],[2.36298,48.85464],[2.363,48.85466],[2.36314,48.85484],[2.36328,48.85502],[2.36332,48.85507],[2.36336,48.85512],[2.36348,48.85529],[2.36364,48.8555]]]}},{"type":"Feature","properties":{"id":"relation/2172742","nom_qua":"Quartier Saint-Merri","name":"Quartier Saint-Merri","quartier":"Quartier Saint-Merri","arrondissement":"","ref_INSEE":""},"geometry":{"type":"Polygon","coordinates":[[[2.35689,48.86007],[2.35674,48.86014],[2.35659,48.86018],[2.3563,48.86028],[2.35617,48.86032],[2.35527,48.86063],[2.35516,48.86065],[2.35505,48.86069],[2.35456,48.86086],[2.35447,48.86089],[2.35427,48.86096],[2.35402,48.86105],[2.3536,48.86119],[2.35353,48.86121],[2.35349,48.86123],[2.35334,48.86127],[2.35263,48.86144],[2.35247,48.86147],[2.35243,48.86148],[2.35164,48.86165],[2.35094,48.86181],[2.35089,48.86183],[2.35079,48.86185],[2.35032,48.86195],[2.35022,48.86198],[2.35014,48.86199],[2.34955,48.86091],[2.34879,48.85954],[2.34833,48.85873],[2.34822,48.85851],[2.34815,48.8584],[2.34801,48.8581],[2.34786,48.85785],[2.34779,48.85772],[2.34773,48.85762],[2.34756,48.85736],[2.34752,48.85732],[2.34719,48.85716],[2.34714,48.85713],[2.34706,48.85709],[2.34702,48.85705],[2.34721,48.857],[2.34777,48.85684],[2.34846,48.85664],[2.34901,48.85649],[2.34948,48.8563],[2.34975,48.8562],[2.35035,48.85599],[2.35063,48.85592],[2.35101,48.85578],[2.35127,48.85563],[2.35146,48.85552],[2.35209,48.85527],[2.35247,48.85517],[2.35307,48.85492],[2.35305,48.85496],[2.35288,48.85505],[2.35289,48.85506],[2.3529,48.85508],[2.35291,48.8551],[2.35295,48.85515],[2.35283,48.85519],[2.35277,48.85521],[2.35274,48.85522],[2.35286,48.8553],[2.35293,48.85542],[2.35295,48.85546],[2.35303,48.85561],[2.35316,48.85585],[2.35317,48.85588],[2.35321,48.85595],[2.35327,48.85604],[2.35331,48.85611],[2.35353,48.85651],[2.35354,48.85651],[2.35355,48.85654],[2.35356,48.85656],[2.35358,48.85659],[2.35359,48.85661],[2.3537,48.85681],[2.35372,48.85684],[2.35374,48.85686],[2.35381,48.85691],[2.35387,48.85696],[2.35393,48.85699],[2.35396,48.85705],[2.35398,48.85708],[2.35418,48.85745],[2.35424,48.85751],[2.35432,48.85756],[2.35455,48.85777],[2.35467,48.8579],[2.3549,48.85814],[2.3552,48.85844],[2.35526,48.8585],[2.35531,48.85854],[2.35568,48.85891],[2.35573,48.85896],[2.35604,48.85927],[2.35608,48.85931],[2.35614,48.85936],[2.35665,48.85986],[2.35681,48.86003],[2.35689,48.86007]]]}},{"type":"Feature","properties":{"id":"relation/2172743","nom_qua":"Quartier Vendôme","name":"Quartier Vendôme","quartier":"Quartier Vendôme","arrondissement":"","ref_INSEE":""},"geometry":{"type":"Polygon","coordinates":[[[2.3252,48.86937],[2.32522,48.86931],[2.32534,48.86896],[2.3253,48.86895],[2.32526,48.86891],[2.32462,48.868],[2.32459,48.86795],[2.32458,48.86793],[2.32455,48.86789],[2.32353,48.86651],[2.32357,48.8665],[2.32349,48.86641],[2.32348,48.8664],[2.32349,48.8664],[2.32357,48.86639],[2.32372,48.86638],[2.32375,48.86638],[2.32379,48.86637],[2.32416,48.86631],[2.32421,48.8663],[2.32451,48.86619],[2.32502,48.86603],[2.32512,48.866],[2.32517,48.86598],[2.3252,48.86597],[2.326,48.86571],[2.32612,48.86568],[2.32616,48.86566],[2.32621,48.86565],[2.32699,48.86539],[2.32727,48.86531],[2.32745,48.86525],[2.32751,48.86523],[2.32755,48.86522],[2.32929,48.86465],[2.32939,48.86462],[2.32947,48.8646],[2.33011,48.86439],[2.33022,48.86435],[2.33026,48.86434],[2.33032,48.86432],[2.33122,48.86403],[2.33134,48.864],[2.33137,48.86404],[2.33141,48.86409],[2.33192,48.86486],[2.33196,48.86492],[2.33198,48.86496],[2.33302,48.86652],[2.33303,48.86654],[2.3331,48.86663],[2.33345,48.86717],[2.33348,48.86721],[2.33354,48.86731],[2.33357,48.86735],[2.33366,48.86751],[2.33346,48.86756],[2.33238,48.86781],[2.3323,48.86783],[2.33222,48.86784],[2.33173,48.86796],[2.33069,48.8682],[2.3304,48.86828],[2.33027,48.86832],[2.33018,48.86838],[2.32942,48.8689],[2.32877,48.86937],[2.32824,48.86975],[2.32816,48.86981],[2.32814,48.86982],[2.32799,48.86993],[2.32782,48.8699],[2.32766,48.86987],[2.32725,48.8698],[2.32644,48.86967],[2.32587,48.86957],[2.32517,48.86946],[2.32519,48.8694],[2.3252,48.86937]]]}},{"type":"Feature","properties":{"id":"relation/2188148","nom_qua":"Quartier du Jardin des Plantes","name":"Quartier du Jardin des Plantes","quartier":"Quartier du Jardin des Plantes","arrondissement":"","ref_INSEE":""},"geometry":{"type":"Polygon","coordinates":[[[2.36603,48.84493],[2.36475,48.84591],[2.36443,48.84614],[2.36249,48.84762],[2.36095,48.84685],[2.36085,48.84679],[2.36084,48.84679],[2.35829,48.84549],[2.35796,48.84532],[2.35708,48.84487],[2.35698,48.84482],[2.35689,48.84478],[2.35681,48.84474],[2.35615,48.8444],[2.35515,48.8439],[2.35494,48.84379],[2.35496,48.84374],[2.35499,48.84368],[2.35501,48.84365],[2.35484,48.84365],[2.35431,48.84367],[2.3542,48.84367],[2.3538,48.84368],[2.3537,48.84368],[2.35359,48.84369],[2.35274,48.84369],[2.35243,48.84376],[2.35232,48.84379],[2.35218,48.84382],[2.35167,48.84394],[2.35157,48.84396],[2.35137,48.844],[2.351,48.84409],[2.35046,48.84421],[2.34968,48.84439],[2.34957,48.84441],[2.34925,48.84451],[2.34927,48.8444],[2.34929,48.8443],[2.3493,48.84427],[2.3494,48.84381],[2.34941,48.84375],[2.34956,48.84321],[2.3496,48.84315],[2.34962,48.84312],[2.34972,48.8426],[2.34976,48.84242],[2.34977,48.84229],[2.34977,48.8422],[2.34976,48.84214],[2.34974,48.84198],[2.34965,48.84156],[2.34964,48.84149],[2.34964,48.84144],[2.34964,48.84141],[2.34963,48.8411],[2.34966,48.84086],[2.34973,48.84044],[2.34978,48.84008],[2.34979,48.83999],[2.34978,48.83979],[2.34978,48.83977],[2.34984,48.83952],[2.34995,48.83914],[2.34984,48.83889],[2.34982,48.83885],[2.3498,48.8388],[2.34976,48.83871],[2.34944,48.83804],[2.34932,48.83778],[2.34925,48.83765],[2.34923,48.83762],[2.34907,48.83726],[2.34899,48.83709],[2.34984,48.83699],[2.35167,48.83678],[2.35178,48.83678],[2.35185,48.83679],[2.3618,48.83996],[2.36216,48.84042],[2.36254,48.84093],[2.36303,48.8416],[2.36326,48.8419],[2.36422,48.8432],[2.36479,48.84396],[2.36483,48.84405],[2.36485,48.8441],[2.3649,48.84419],[2.36494,48.84426],[2.36503,48.84435],[2.36515,48.84444],[2.36603,48.84493]]]}},{"type":"Feature","properties":{"id":"relation/2188149","nom_qua":"Quartier du Val-de-Grâce","name":"Quartier du Val-de-Grâce","quartier":"Quartier du Val-de-Grâce","arrondissement":"","ref_INSEE":""},"geometry":{"type":"Polygon","coordinates":[[[2.33672,48.83966],[2.3376,48.83942],[2.33971,48.83886],[2.34207,48.83836],[2.34535,48.83767],[2.34547,48.83765],[2.34633,48.83746],[2.34701,48.83732],[2.3472,48.83729],[2.34899,48.83709],[2.34907,48.83726],[2.34923,48.83762],[2.34925,48.83765],[2.34932,48.83778],[2.34944,48.83804],[2.34976,48.83871],[2.3498,48.8388],[2.34982,48.83885],[2.34984,48.83889],[2.34995,48.83914],[2.34984,48.83952],[2.34978,48.83977],[2.34978,48.83979],[2.34979,48.83999],[2.34978,48.84008],[2.34973,48.84044],[2.34966,48.84086],[2.34963,48.8411],[2.34964,48.84141],[2.34964,48.84144],[2.34964,48.84149],[2.34965,48.84156],[2.34974,48.84198],[2.34976,48.84214],[2.34977,48.8422],[2.34977,48.84229],[2.34976,48.84242],[2.34972,48.8426],[2.34962,48.84312],[2.3496,48.84315],[2.34956,48.84321],[2.34941,48.84375],[2.3494,48.84381],[2.3493,48.84427],[2.34929,48.8443],[2.34927,48.8444],[2.34925,48.84451],[2.34918,48.8445],[2.34865,48.84448],[2.34844,48.84446],[2.34817,48.84443],[2.34806,48.84442],[2.34756,48.84456],[2.34751,48.84457],[2.34732,48.84462],[2.34723,48.84464],[2.34718,48.84466],[2.34674,48.84476],[2.34671,48.84477],[2.34663,48.84479],[2.34655,48.84481],[2.3457,48.84502],[2.34567,48.84503],[2.34557,48.84505],[2.34549,48.84508],[2.34531,48.84512],[2.34521,48.84515],[2.34511,48.84519],[2.34463,48.84544],[2.34455,48.84549],[2.34401,48.84579],[2.34375,48.84591],[2.34368,48.84593],[2.34362,48.84595],[2.34305,48.84608],[2.34297,48.84611],[2.34292,48.84615],[2.34273,48.84628],[2.34264,48.84637],[2.34262,48.84639],[2.34259,48.84641],[2.34255,48.84642],[2.34201,48.84655],[2.34168,48.84664],[2.34161,48.84666],[2.3419,48.84702],[2.34196,48.8471],[2.34187,48.84712],[2.34143,48.84721],[2.34122,48.84726],[2.34115,48.84727],[2.34085,48.84733],[2.34063,48.84693],[2.34053,48.84676],[2.3405,48.84671],[2.34025,48.84628],[2.34023,48.84623],[2.33816,48.84251],[2.33777,48.84178],[2.33772,48.8417],[2.33733,48.84098],[2.33727,48.84089],[2.33722,48.84083],[2.33718,48.8408],[2.33712,48.84076],[2.33703,48.84073],[2.33698,48.84071],[2.33692,48.8407],[2.33686,48.8407],[2.33679,48.8407],[2.33672,48.83966]]]}},{"type":"Feature","properties":{"id":"relation/2188161","nom_qua":"Quartier Saint-Victor","name":"Quartier Saint-Victor","quartier":"Quartier Saint-Victor","arrondissement":"","ref_INSEE":""},"geometry":{"type":"Polygon","coordinates":[[[2.35698,48.84482],[2.35708,48.84487],[2.35796,48.84532],[2.35829,48.84549],[2.36084,48.84679],[2.36085,48.84679],[2.36095,48.84685],[2.36249,48.84762],[2.36164,48.84816],[2.36152,48.84823],[2.36047,48.84882],[2.35986,48.84916],[2.35953,48.84932],[2.35923,48.84946],[2.35886,48.8496],[2.35834,48.84978],[2.35797,48.84989],[2.3569,48.85024],[2.35567,48.85064],[2.35476,48.85091],[2.35371,48.85122],[2.35326,48.85129],[2.35251,48.85139],[2.35169,48.85158],[2.35148,48.85163],[2.35095,48.85176],[2.35024,48.85194],[2.35006,48.85199],[2.34987,48.85206],[2.34929,48.85133],[2.34922,48.85121],[2.34903,48.85084],[2.3488,48.8504],[2.34877,48.85027],[2.34884,48.85018],[2.349,48.84999],[2.34911,48.84996],[2.34899,48.84971],[2.34899,48.8497],[2.34892,48.84957],[2.34878,48.84927],[2.34857,48.84874],[2.34855,48.84869],[2.34852,48.84861],[2.34851,48.84853],[2.34853,48.8481],[2.34854,48.84767],[2.34851,48.84744],[2.34856,48.84741],[2.34863,48.84736],[2.34863,48.84734],[2.34862,48.84722],[2.34862,48.84718],[2.34865,48.84716],[2.34882,48.84704],[2.34885,48.84701],[2.34886,48.84699],[2.34891,48.8468],[2.34897,48.84661],[2.34901,48.8465],[2.34906,48.84642],[2.34907,48.84636],[2.34909,48.8463],[2.34909,48.84629],[2.3491,48.84626],[2.3491,48.84623],[2.3491,48.84616],[2.34909,48.84613],[2.34909,48.84611],[2.34909,48.8461],[2.34909,48.84608],[2.3491,48.84605],[2.34911,48.84593],[2.34912,48.8459],[2.34914,48.84573],[2.34912,48.84528],[2.34915,48.84504],[2.34917,48.845],[2.34918,48.84494],[2.34924,48.84461],[2.34925,48.84451],[2.34957,48.84441],[2.34968,48.84439],[2.35046,48.84421],[2.351,48.84409],[2.35137,48.844],[2.35157,48.84396],[2.35167,48.84394],[2.35218,48.84382],[2.35232,48.84379],[2.35243,48.84376],[2.35274,48.84369],[2.35359,48.84369],[2.3537,48.84368],[2.3538,48.84368],[2.3542,48.84367],[2.35431,48.84367],[2.35484,48.84365],[2.35501,48.84365],[2.35499,48.84368],[2.35496,48.84374],[2.35494,48.84379],[2.35515,48.8439],[2.35615,48.8444],[2.35681,48.84474],[2.35689,48.84478],[2.35698,48.84482]]]}},{"type":"Feature","properties":{"id":"relation/2188166","nom_qua":"Quartier de la Sorbonne","name":"Quartier de la Sorbonne","quartier":"Quartier de la Sorbonne","arrondissement":"","ref_INSEE":""},"geometry":{"type":"Polygon","coordinates":[[[2.34899,48.84971],[2.34911,48.84996],[2.349,48.84999],[2.34884,48.85018],[2.34877,48.85027],[2.3488,48.8504],[2.34903,48.85084],[2.34922,48.85121],[2.34929,48.85133],[2.34987,48.85206],[2.34964,48.85214],[2.3486,48.85256],[2.34833,48.85268],[2.34702,48.85327],[2.34462,48.85404],[2.34429,48.85379],[2.34412,48.85342],[2.34408,48.85332],[2.34383,48.85275],[2.34343,48.85192],[2.34339,48.85184],[2.34335,48.85176],[2.34327,48.85158],[2.34318,48.8514],[2.34315,48.85134],[2.34311,48.85125],[2.34281,48.85061],[2.3427,48.85035],[2.34256,48.85017],[2.34181,48.84892],[2.34176,48.84884],[2.34168,48.84872],[2.34166,48.84867],[2.34147,48.84837],[2.34088,48.84739],[2.34085,48.84733],[2.34115,48.84727],[2.34122,48.84726],[2.34143,48.84721],[2.34187,48.84712],[2.34196,48.8471],[2.3419,48.84702],[2.34161,48.84666],[2.34168,48.84664],[2.34201,48.84655],[2.34255,48.84642],[2.34259,48.84641],[2.34262,48.84639],[2.34264,48.84637],[2.34273,48.84628],[2.34292,48.84615],[2.34297,48.84611],[2.34305,48.84608],[2.34362,48.84595],[2.34368,48.84593],[2.34375,48.84591],[2.34401,48.84579],[2.34455,48.84549],[2.34463,48.84544],[2.34511,48.84519],[2.34521,48.84515],[2.34531,48.84512],[2.34549,48.84508],[2.34557,48.84505],[2.34567,48.84503],[2.3457,48.84502],[2.34655,48.84481],[2.34663,48.84479],[2.34671,48.84477],[2.34674,48.84476],[2.34718,48.84466],[2.34723,48.84464],[2.34732,48.84462],[2.34751,48.84457],[2.34756,48.84456],[2.34806,48.84442],[2.34817,48.84443],[2.34844,48.84446],[2.34865,48.84448],[2.34918,48.8445],[2.34925,48.84451],[2.34924,48.84461],[2.34918,48.84494],[2.34917,48.845],[2.34915,48.84504],[2.34912,48.84528],[2.34914,48.84573],[2.34912,48.8459],[2.34911,48.84593],[2.3491,48.84605],[2.34909,48.84608],[2.34909,48.8461],[2.34909,48.84611],[2.34909,48.84613],[2.3491,48.84616],[2.3491,48.84623],[2.3491,48.84626],[2.34909,48.84629],[2.34909,48.8463],[2.34907,48.84636],[2.34906,48.84642],[2.34901,48.8465],[2.34897,48.84661],[2.34891,48.8468],[2.34886,48.84699],[2.34885,48.84701],[2.34882,48.84704],[2.34865,48.84716],[2.34862,48.84718],[2.34862,48.84722],[2.34863,48.84734],[2.34863,48.84736],[2.34856,48.84741],[2.34851,48.84744],[2.34854,48.84767],[2.34853,48.8481],[2.34851,48.84853],[2.34852,48.84861],[2.34855,48.84869],[2.34857,48.84874],[2.34878,48.84927],[2.34892,48.84957],[2.34899,48.8497],[2.34899,48.84971]]]}},{"type":"Feature","properties":{"id":"relation/2188183","nom_qua":"Quartier Notre-Dame-des-Champs","name":"Quartier Notre-Dame-des-Champs","quartier":"Quartier Notre-Dame-des-Champs","arrondissement":"","ref_INSEE":""},"geometry":{"type":"Polygon","coordinates":[[[2.32469,48.8436],[2.32483,48.84356],[2.32611,48.84314],[2.32614,48.84313],[2.32618,48.84312],[2.32637,48.84305],[2.32648,48.84302],[2.32651,48.84301],[2.32654,48.843],[2.32757,48.84265],[2.32761,48.84264],[2.32825,48.84243],[2.32873,48.84227],[2.32889,48.84222],[2.32917,48.84213],[2.32946,48.84204],[2.32957,48.842],[2.3297,48.84196],[2.32983,48.8419],[2.33352,48.84069],[2.33428,48.84044],[2.33437,48.84041],[2.33495,48.84022],[2.33672,48.83966],[2.33679,48.8407],[2.33662,48.84073],[2.33644,48.84079],[2.33627,48.84089],[2.33617,48.84097],[2.33611,48.84104],[2.33605,48.8411],[2.33581,48.84135],[2.33521,48.84198],[2.33504,48.84216],[2.33486,48.84234],[2.33482,48.84238],[2.33471,48.84249],[2.33462,48.84259],[2.33455,48.84266],[2.33308,48.84417],[2.33302,48.84424],[2.33289,48.84438],[2.33255,48.84473],[2.33243,48.84486],[2.33238,48.84491],[2.33233,48.84496],[2.33217,48.84511],[2.33213,48.84515],[2.33149,48.84582],[2.33157,48.847],[2.33158,48.84706],[2.33158,48.84711],[2.33165,48.84842],[2.33165,48.84842],[2.33166,48.84849],[2.3318,48.85027],[2.33191,48.85081],[2.33202,48.85139],[2.33191,48.8514],[2.33201,48.85246],[2.32883,48.8519],[2.32862,48.85187],[2.32848,48.85184],[2.32788,48.85174],[2.32727,48.85164],[2.32687,48.85141],[2.32666,48.85126],[2.32529,48.8507],[2.32471,48.85046],[2.32458,48.85041],[2.32428,48.85028],[2.32413,48.85021],[2.32328,48.84981],[2.3228,48.84957],[2.32205,48.84918],[2.32055,48.84842],[2.32054,48.84842],[2.32054,48.84841],[2.32013,48.8482],[2.32011,48.8482],[2.32011,48.84819],[2.3197,48.84799],[2.31909,48.84773],[2.31885,48.84764],[2.31827,48.84742],[2.31818,48.84739],[2.31727,48.84706],[2.31725,48.84706],[2.31657,48.84682],[2.31722,48.84652],[2.31737,48.84644],[2.31754,48.84635],[2.3179,48.84616],[2.31801,48.84611],[2.31872,48.84573],[2.31892,48.84563],[2.31898,48.84561],[2.31915,48.84552],[2.31933,48.84544],[2.3202,48.84511],[2.32107,48.84482],[2.32273,48.84427],[2.323,48.84418],[2.32303,48.84417],[2.32309,48.84415],[2.32326,48.84409],[2.32469,48.8436]]]}},{"type":"Feature","properties":{"id":"relation/2188184","nom_qua":"Quartier de l'Odéon","name":"Quartier de l'Odéon","quartier":"Quartier de l'Odéon","arrondissement":"","ref_INSEE":""},"geometry":{"type":"Polygon","coordinates":[[[2.33679,48.8407],[2.33686,48.8407],[2.33692,48.8407],[2.33698,48.84071],[2.33703,48.84073],[2.33712,48.84076],[2.33718,48.8408],[2.33722,48.84083],[2.33727,48.84089],[2.33733,48.84098],[2.33772,48.8417],[2.33777,48.84178],[2.33816,48.84251],[2.34023,48.84623],[2.34025,48.84628],[2.3405,48.84671],[2.34053,48.84676],[2.34063,48.84693],[2.34085,48.84733],[2.34088,48.84739],[2.34147,48.84837],[2.34166,48.84867],[2.34168,48.84872],[2.34176,48.84884],[2.34181,48.84892],[2.34256,48.85017],[2.3427,48.85035],[2.34137,48.85085],[2.34135,48.85086],[2.34129,48.85088],[2.34125,48.85087],[2.34121,48.85087],[2.34118,48.85088],[2.34114,48.8509],[2.34067,48.85116],[2.34038,48.85137],[2.34029,48.85143],[2.34023,48.85147],[2.33977,48.8519],[2.33971,48.85196],[2.33894,48.85242],[2.33753,48.85277],[2.33701,48.85289],[2.33699,48.8529],[2.33698,48.85291],[2.33606,48.85313],[2.33515,48.8529],[2.33443,48.85279],[2.33367,48.85265],[2.33306,48.85265],[2.33236,48.85253],[2.33201,48.85246],[2.33191,48.8514],[2.33202,48.85139],[2.33191,48.85081],[2.3318,48.85027],[2.33166,48.84849],[2.33165,48.84842],[2.33165,48.84842],[2.33158,48.84711],[2.33158,48.84706],[2.33157,48.847],[2.33149,48.84582],[2.33213,48.84515],[2.33217,48.84511],[2.33233,48.84496],[2.33238,48.84491],[2.33243,48.84486],[2.33255,48.84473],[2.33289,48.84438],[2.33302,48.84424],[2.33308,48.84417],[2.33455,48.84266],[2.33462,48.84259],[2.33471,48.84249],[2.33482,48.84238],[2.33486,48.84234],[2.33504,48.84216],[2.33521,48.84198],[2.33581,48.84135],[2.33605,48.8411],[2.33611,48.84104],[2.33617,48.84097],[2.33627,48.84089],[2.33644,48.84079],[2.33662,48.84073],[2.33679,48.8407]]]}},{"type":"Feature","properties":{"id":"relation/2188545","nom_qua":"Quartier de la Monnaie","name":"Quartier de la Monnaie","quartier":"Quartier de la Monnaie","arrondissement":"","ref_INSEE":""},"geometry":{"type":"Polygon","coordinates":[[[2.33699,48.8529],[2.33701,48.85289],[2.33753,48.85277],[2.33894,48.85242],[2.33971,48.85196],[2.33977,48.8519],[2.34023,48.85147],[2.34029,48.85143],[2.34038,48.85137],[2.34067,48.85116],[2.34114,48.8509],[2.34118,48.85088],[2.34121,48.85087],[2.34125,48.85087],[2.34129,48.85088],[2.34135,48.85086],[2.34137,48.85085],[2.3427,48.85035],[2.34281,48.85061],[2.34311,48.85125],[2.34315,48.85134],[2.34318,48.8514],[2.34327,48.85158],[2.34335,48.85176],[2.34339,48.85184],[2.34343,48.85192],[2.34383,48.85275],[2.34408,48.85332],[2.34412,48.85342],[2.34429,48.85379],[2.34462,48.85404],[2.34424,48.85419],[2.34402,48.85429],[2.34284,48.85487],[2.34269,48.855],[2.34192,48.85564],[2.34096,48.85647],[2.34073,48.85664],[2.34064,48.85669],[2.33951,48.8573],[2.339,48.85757],[2.33931,48.85778],[2.33995,48.85823],[2.3377,48.8587],[2.33763,48.85858],[2.33757,48.85859],[2.33747,48.8584],[2.33661,48.85858],[2.33619,48.85779],[2.33608,48.8576],[2.33617,48.85758],[2.33624,48.85756],[2.33631,48.85752],[2.33639,48.85746],[2.33644,48.8574],[2.33647,48.85733],[2.33649,48.85726],[2.33652,48.85713],[2.33661,48.85638],[2.33663,48.85628],[2.33663,48.85623],[2.33671,48.85574],[2.33673,48.85568],[2.33673,48.85565],[2.33679,48.8553],[2.33679,48.85524],[2.33681,48.85507],[2.33696,48.85393],[2.33696,48.85391],[2.33696,48.85386],[2.33696,48.85378],[2.337,48.85302],[2.337,48.85291],[2.33699,48.8529]]]}},{"type":"Feature","properties":{"id":"relation/2188547","nom_qua":"Quartier de Saint-Germain-des-Prés","name":"Quartier de Saint-Germain-des-Prés","quartier":"Quartier de Saint-Germain-des-Prés","arrondissement":"","ref_INSEE":""},"geometry":{"type":"Polygon","coordinates":[[[2.33201,48.85246],[2.33236,48.85253],[2.33306,48.85265],[2.33367,48.85265],[2.33443,48.85279],[2.33515,48.8529],[2.33606,48.85313],[2.33698,48.85291],[2.33699,48.8529],[2.337,48.85291],[2.337,48.85302],[2.33696,48.85378],[2.33696,48.85386],[2.33696,48.85391],[2.33696,48.85393],[2.33681,48.85507],[2.33679,48.85524],[2.33679,48.8553],[2.33673,48.85565],[2.33673,48.85568],[2.33671,48.85574],[2.33663,48.85623],[2.33663,48.85628],[2.33661,48.85638],[2.33652,48.85713],[2.33649,48.85726],[2.33647,48.85733],[2.33644,48.8574],[2.33639,48.85746],[2.33631,48.85752],[2.33624,48.85756],[2.33617,48.85758],[2.33608,48.8576],[2.33619,48.85779],[2.33661,48.85858],[2.33314,48.8593],[2.33291,48.85935],[2.3326,48.85883],[2.33242,48.85851],[2.33278,48.8584],[2.33329,48.85824],[2.33276,48.85762],[2.33229,48.85705],[2.33228,48.85704],[2.33192,48.8566],[2.33174,48.85638],[2.33171,48.85635],[2.33167,48.85631],[2.33122,48.85572],[2.33077,48.8551],[2.33071,48.85497],[2.33054,48.85459],[2.33052,48.85455],[2.33048,48.85447],[2.33038,48.85435],[2.33036,48.85432],[2.33019,48.85403],[2.32984,48.85346],[2.32936,48.85265],[2.3293,48.8526],[2.32864,48.85202],[2.32863,48.85199],[2.32863,48.85195],[2.32862,48.85187],[2.32883,48.8519],[2.33201,48.85246]]]}},{"type":"Feature","properties":{"id":"relation/2188567","nom_qua":"Quartier Saint-Thomas-d'Aquin","name":"Quartier Saint-Thomas-d'Aquin","quartier":"Quartier Saint-Thomas-d'Aquin","arrondissement":"","ref_INSEE":""},"geometry":{"type":"Polygon","coordinates":[[[2.31903,48.8517],[2.31905,48.85165],[2.31958,48.85053],[2.32052,48.8485],[2.32054,48.84842],[2.32055,48.84842],[2.32205,48.84918],[2.3228,48.84957],[2.32328,48.84981],[2.32413,48.85021],[2.32428,48.85028],[2.32458,48.85041],[2.32471,48.85046],[2.32529,48.8507],[2.32666,48.85126],[2.32687,48.85141],[2.32727,48.85164],[2.32788,48.85174],[2.32848,48.85184],[2.32862,48.85187],[2.32863,48.85195],[2.32863,48.85199],[2.32864,48.85202],[2.3293,48.8526],[2.32936,48.85265],[2.32984,48.85346],[2.33019,48.85403],[2.33036,48.85432],[2.33038,48.85435],[2.33048,48.85447],[2.33052,48.85455],[2.33054,48.85459],[2.33071,48.85497],[2.33077,48.8551],[2.33122,48.85572],[2.33167,48.85631],[2.33171,48.85635],[2.33174,48.85638],[2.33192,48.8566],[2.33228,48.85704],[2.33229,48.85705],[2.33276,48.85762],[2.33329,48.85824],[2.33278,48.8584],[2.33242,48.85851],[2.3326,48.85883],[2.33291,48.85935],[2.3327,48.8594],[2.33175,48.85965],[2.33003,48.8601],[2.32982,48.86016],[2.3295,48.86026],[2.32833,48.86073],[2.32715,48.86112],[2.32611,48.86148],[2.32457,48.86004],[2.3238,48.85921],[2.32322,48.85861],[2.32317,48.85855],[2.32313,48.85851],[2.32308,48.85846],[2.32304,48.85842],[2.32284,48.8582],[2.3228,48.85816],[2.32217,48.85753],[2.32201,48.85737],[2.32164,48.857],[2.32112,48.85647],[2.32106,48.8564],[2.32105,48.85639],[2.31998,48.855],[2.31995,48.85495],[2.31993,48.85491],[2.31993,48.85489],[2.31985,48.85468],[2.31966,48.85421],[2.31965,48.85417],[2.31939,48.85351],[2.31936,48.85342],[2.31924,48.85311],[2.31922,48.85305],[2.3191,48.85275],[2.31902,48.85175],[2.31902,48.85174],[2.31903,48.8517]]]}},{"type":"Feature","properties":{"id":"relation/2188569","nom_qua":"Quartier du Gros-Caillou","name":"Quartier du Gros-Caillou","quartier":"Quartier du Gros-Caillou","arrondissement":"","ref_INSEE":""},"geometry":{"type":"Polygon","coordinates":[[[2.2931,48.85616],[2.29515,48.85485],[2.29536,48.85471],[2.29577,48.85446],[2.29585,48.8544],[2.29589,48.85438],[2.29664,48.8539],[2.29688,48.85375],[2.29695,48.8537],[2.29729,48.85348],[2.29738,48.85343],[2.29755,48.85332],[2.29775,48.85319],[2.29786,48.85312],[2.29805,48.85301],[2.2981,48.85297],[2.29823,48.85289],[2.29837,48.8528],[2.29913,48.85232],[2.29919,48.85228],[2.29934,48.85218],[2.30023,48.85161],[2.30028,48.85158],[2.30037,48.85153],[2.30056,48.8514],[2.3008,48.85125],[2.30093,48.85117],[2.30106,48.8513],[2.30137,48.8515],[2.30165,48.85169],[2.30219,48.85206],[2.30235,48.85217],[2.30246,48.85224],[2.30362,48.85303],[2.30385,48.85319],[2.30465,48.85373],[2.30467,48.85374],[2.30482,48.85384],[2.3052,48.8541],[2.30523,48.85413],[2.3055,48.85433],[2.30556,48.85432],[2.30631,48.85416],[2.30646,48.85413],[2.30854,48.85401],[2.30916,48.85398],[2.30929,48.85397],[2.30941,48.85396],[2.30954,48.85395],[2.30957,48.85417],[2.30966,48.85497],[2.30978,48.856],[2.30984,48.85645],[2.30986,48.85662],[2.30991,48.85706],[2.30993,48.85726],[2.30999,48.85794],[2.31,48.85797],[2.31001,48.85807],[2.31001,48.85815],[2.31014,48.85983],[2.31026,48.86103],[2.31026,48.86111],[2.31037,48.8624],[2.31041,48.86265],[2.31042,48.86278],[2.31039,48.8634],[2.31038,48.86363],[2.30204,48.86348],[2.30159,48.86347],[2.30146,48.86347],[2.30087,48.86344],[2.30011,48.86338],[2.29927,48.86327],[2.29893,48.86321],[2.29798,48.863],[2.29743,48.86285],[2.29679,48.86264],[2.29634,48.8625],[2.29582,48.86228],[2.29516,48.86199],[2.29419,48.86152],[2.29262,48.86039],[2.29221,48.86011],[2.29193,48.85991],[2.29175,48.85979],[2.28982,48.85823],[2.29099,48.85749],[2.29126,48.85732],[2.29209,48.8568],[2.29293,48.85627],[2.29297,48.85625],[2.2931,48.85616]]]}},{"type":"Feature","properties":{"id":"relation/2188593","nom_qua":"Quartier des Invalides","name":"Quartier des Invalides","quartier":"Quartier des Invalides","arrondissement":"","ref_INSEE":""},"geometry":{"type":"Polygon","coordinates":[[[2.30954,48.85395],[2.30955,48.85396],[2.3103,48.85392],[2.31123,48.85387],[2.31222,48.85383],[2.31474,48.8537],[2.31472,48.85347],[2.31466,48.85299],[2.31453,48.85184],[2.31902,48.85169],[2.31903,48.8517],[2.31902,48.85174],[2.31902,48.85175],[2.3191,48.85275],[2.31922,48.85305],[2.31924,48.85311],[2.31936,48.85342],[2.31939,48.85351],[2.31965,48.85417],[2.31966,48.85421],[2.31985,48.85468],[2.31993,48.85489],[2.31993,48.85491],[2.31995,48.85495],[2.31998,48.855],[2.32105,48.85639],[2.32106,48.8564],[2.32112,48.85647],[2.32164,48.857],[2.32201,48.85737],[2.32217,48.85753],[2.3228,48.85816],[2.32284,48.8582],[2.32304,48.85842],[2.32308,48.85846],[2.32313,48.85851],[2.32317,48.85855],[2.32322,48.85861],[2.3238,48.85921],[2.32457,48.86004],[2.32611,48.86148],[2.32512,48.86177],[2.3233,48.86232],[2.3209,48.86306],[2.31987,48.86339],[2.31942,48.86353],[2.31873,48.86375],[2.31854,48.86378],[2.31574,48.86372],[2.31038,48.86363],[2.31039,48.8634],[2.31042,48.86278],[2.31041,48.86265],[2.31037,48.8624],[2.31026,48.86111],[2.31026,48.86103],[2.31014,48.85983],[2.31001,48.85815],[2.31001,48.85807],[2.31,48.85797],[2.30999,48.85794],[2.30993,48.85726],[2.30991,48.85706],[2.30986,48.85662],[2.30984,48.85645],[2.30978,48.856],[2.30966,48.85497],[2.30957,48.85417],[2.30954,48.85395]]]}},{"type":"Feature","properties":{"id":"relation/2188594","nom_qua":"Quartier de l'École Militaire","name":"Quartier de l'École Militaire","quartier":"Quartier de l'École Militaire","arrondissement":"","ref_INSEE":""},"geometry":{"type":"Polygon","coordinates":[[[2.31657,48.84682],[2.31725,48.84706],[2.31727,48.84706],[2.31818,48.84739],[2.31827,48.84742],[2.31885,48.84764],[2.31909,48.84773],[2.3197,48.84799],[2.32011,48.84819],[2.32011,48.8482],[2.32013,48.8482],[2.32054,48.84841],[2.32054,48.84842],[2.32052,48.8485],[2.31958,48.85053],[2.31905,48.85165],[2.31903,48.8517],[2.31902,48.85169],[2.31453,48.85184],[2.31466,48.85299],[2.31472,48.85347],[2.31474,48.8537],[2.31222,48.85383],[2.31123,48.85387],[2.3103,48.85392],[2.30955,48.85396],[2.30954,48.85395],[2.30941,48.85396],[2.30929,48.85397],[2.30916,48.85398],[2.30854,48.85401],[2.30646,48.85413],[2.30631,48.85416],[2.30556,48.85432],[2.3055,48.85433],[2.30523,48.85413],[2.3052,48.8541],[2.30482,48.85384],[2.30467,48.85374],[2.30465,48.85373],[2.30385,48.85319],[2.30362,48.85303],[2.30246,48.85224],[2.30235,48.85217],[2.30219,48.85206],[2.30165,48.85169],[2.30137,48.8515],[2.30106,48.8513],[2.30093,48.85117],[2.30123,48.85106],[2.30205,48.85053],[2.30212,48.85049],[2.30371,48.84947],[2.30377,48.84942],[2.30385,48.84937],[2.30391,48.84933],[2.30453,48.84894],[2.30496,48.84867],[2.30582,48.84811],[2.30597,48.84801],[2.30615,48.8479],[2.30635,48.84778],[2.3072,48.84723],[2.30724,48.8472],[2.30734,48.84714],[2.30757,48.84722],[2.30761,48.84724],[2.30806,48.8474],[2.3081,48.84741],[2.30821,48.84744],[2.30832,48.84746],[2.30882,48.84758],[2.30898,48.84762],[2.30954,48.84775],[2.31024,48.84792],[2.31032,48.84794],[2.31053,48.84799],[2.31054,48.84798],[2.3116,48.8473],[2.31209,48.84698],[2.31372,48.84593],[2.3139,48.84599],[2.31424,48.84609],[2.31439,48.84614],[2.31492,48.84631],[2.31528,48.84642],[2.31537,48.84645],[2.31613,48.84668],[2.31657,48.84682]]]}},{"type":"Feature","properties":{"id":"relation/2188686","nom_qua":"Quartier des Champs-Élysées","name":"Quartier des Champs-Élysées","quartier":"Quartier des Champs-Élysées","arrondissement":"","ref_INSEE":""},"geometry":{"type":"Polygon","coordinates":[[[2.32333,48.86618],[2.31926,48.86747],[2.3183,48.86778],[2.3183,48.86778],[2.31652,48.86834],[2.31646,48.86835],[2.31641,48.86836],[2.31631,48.86835],[2.31612,48.86833],[2.31583,48.86832],[2.31551,48.86832],[2.31547,48.86832],[2.31533,48.86834],[2.31521,48.86837],[2.31518,48.86838],[2.31511,48.8684],[2.31501,48.86845],[2.31491,48.86851],[2.31484,48.86858],[2.31479,48.86864],[2.31474,48.8687],[2.31472,48.86872],[2.31463,48.86885],[2.31476,48.86904],[2.31464,48.86908],[2.31341,48.86947],[2.31213,48.86987],[2.31193,48.86993],[2.31183,48.86988],[2.31011,48.86897],[2.30767,48.86976],[2.30647,48.87015],[2.30529,48.87053],[2.3028,48.87131],[2.30257,48.87138],[2.30244,48.87143],[2.30113,48.87184],[2.30104,48.87187],[2.30092,48.87191],[2.30046,48.87206],[2.30038,48.87208],[2.30033,48.8721],[2.29928,48.87243],[2.29708,48.87313],[2.29704,48.87314],[2.29691,48.87318],[2.29688,48.87319],[2.29606,48.87345],[2.29504,48.87378],[2.29617,48.87248],[2.2975,48.87095],[2.29759,48.87079],[2.29772,48.87057],[2.29802,48.87006],[2.29819,48.86978],[2.29824,48.86969],[2.29834,48.86953],[2.29882,48.8687],[2.29885,48.86864],[2.29892,48.86853],[2.29898,48.86832],[2.29914,48.8678],[2.29914,48.86779],[2.29921,48.86757],[2.29925,48.86745],[2.29928,48.86734],[2.2993,48.86729],[2.29939,48.86698],[2.29946,48.86674],[2.2995,48.86664],[2.29953,48.86651],[2.29967,48.86605],[2.29978,48.86572],[2.2999,48.86533],[2.3002,48.86506],[2.30048,48.86495],[2.30152,48.86453],[2.30159,48.86347],[2.30204,48.86348],[2.31038,48.86363],[2.31574,48.86372],[2.31854,48.86378],[2.31873,48.86375],[2.31942,48.86353],[2.31987,48.86339],[2.3209,48.86306],[2.32128,48.86354],[2.32157,48.86392],[2.32163,48.86399],[2.32211,48.86461],[2.32235,48.86491],[2.32236,48.86493],[2.32244,48.86503],[2.32246,48.86505],[2.32249,48.86509],[2.32255,48.86517],[2.32272,48.86539],[2.32333,48.86618]]]}},{"type":"Feature","properties":{"id":"relation/2188770","nom_qua":"Quartier du Faubourg-du-Roule","name":"Quartier du Faubourg-du-Roule","quartier":"Quartier du Faubourg-du-Roule","arrondissement":"","ref_INSEE":""},"geometry":{"type":"Polygon","coordinates":[[[2.30363,48.87887],[2.30358,48.87889],[2.30356,48.8789],[2.30334,48.87902],[2.30329,48.87905],[2.30311,48.87915],[2.30303,48.87913],[2.30299,48.87912],[2.30296,48.87911],[2.30273,48.87906],[2.30241,48.879],[2.30185,48.87887],[2.30177,48.87886],[2.30103,48.8787],[2.30098,48.87869],[2.30082,48.87865],[2.30064,48.87862],[2.30047,48.87858],[2.29943,48.87836],[2.29897,48.87826],[2.29895,48.87825],[2.29816,48.87808],[2.298,48.87786],[2.29772,48.87746],[2.29718,48.87673],[2.29693,48.87639],[2.29687,48.87631],[2.29683,48.87625],[2.29666,48.87601],[2.29664,48.87599],[2.29657,48.87589],[2.29653,48.87584],[2.29651,48.87582],[2.29624,48.87544],[2.29618,48.87535],[2.29608,48.87522],[2.29607,48.8752],[2.29602,48.87514],[2.296,48.87511],[2.29585,48.8749],[2.29576,48.87477],[2.29573,48.87474],[2.29572,48.87471],[2.2956,48.87455],[2.29553,48.87445],[2.29544,48.87434],[2.29504,48.87378],[2.29606,48.87345],[2.29688,48.87319],[2.29691,48.87318],[2.29704,48.87314],[2.29708,48.87313],[2.29928,48.87243],[2.30033,48.8721],[2.30038,48.87208],[2.30046,48.87206],[2.30092,48.87191],[2.30104,48.87187],[2.30113,48.87184],[2.30244,48.87143],[2.30257,48.87138],[2.3028,48.87131],[2.30529,48.87053],[2.30647,48.87015],[2.30767,48.86976],[2.31011,48.86897],[2.31183,48.86988],[2.31193,48.86993],[2.31203,48.86998],[2.3129,48.87041],[2.31278,48.87056],[2.31197,48.87144],[2.312,48.87148],[2.3125,48.87215],[2.31256,48.87222],[2.31246,48.87225],[2.31224,48.87232],[2.31091,48.87278],[2.31074,48.87284],[2.31091,48.87289],[2.31104,48.87293],[2.31135,48.87303],[2.31151,48.87308],[2.31144,48.87315],[2.31059,48.8739],[2.31018,48.87415],[2.31002,48.87427],[2.31002,48.8743],[2.31001,48.87432],[2.30995,48.87437],[2.30964,48.87457],[2.30931,48.87491],[2.30918,48.87504],[2.30906,48.87516],[2.30903,48.87519],[2.30882,48.87541],[2.30794,48.87632],[2.30789,48.87639],[2.30778,48.87648],[2.30732,48.87685],[2.30684,48.87723],[2.30669,48.87735],[2.3066,48.87741],[2.30613,48.87762],[2.30585,48.87775],[2.30583,48.87776],[2.30579,48.87778],[2.30559,48.87787],[2.30547,48.87793],[2.30544,48.87794],[2.3053,48.87801],[2.30521,48.87805],[2.30513,48.8781],[2.30504,48.87814],[2.30501,48.87816],[2.30497,48.87818],[2.30363,48.87887]]]}},{"type":"Feature","properties":{"id":"relation/2188825","nom_qua":"Quartier de l'Europe","name":"Quartier de l'Europe","quartier":"Quartier de l'Europe","arrondissement":"","ref_INSEE":""},"geometry":{"type":"Polygon","coordinates":[[[2.32719,48.88348],[2.32064,48.88215],[2.31666,48.88133],[2.3165,48.88132],[2.31529,48.88117],[2.31389,48.88099],[2.31253,48.88083],[2.31203,48.88076],[2.31164,48.88072],[2.30991,48.88051],[2.30914,48.88042],[2.30896,48.88038],[2.3086,48.88032],[2.30535,48.87963],[2.30516,48.87959],[2.3051,48.87958],[2.30498,48.87955],[2.30487,48.87953],[2.30484,48.87952],[2.30357,48.87924],[2.30342,48.87921],[2.30336,48.8792],[2.30311,48.87915],[2.30329,48.87905],[2.30334,48.87902],[2.30356,48.8789],[2.30358,48.87889],[2.30363,48.87887],[2.30497,48.87818],[2.30501,48.87816],[2.30504,48.87814],[2.30513,48.8781],[2.30521,48.87805],[2.3053,48.87801],[2.30544,48.87794],[2.30547,48.87793],[2.30559,48.87787],[2.30579,48.87778],[2.30583,48.87776],[2.30585,48.87775],[2.30613,48.87762],[2.3066,48.87741],[2.30669,48.87735],[2.30684,48.87723],[2.30732,48.87685],[2.30778,48.87648],[2.30789,48.87639],[2.30794,48.87632],[2.30882,48.87541],[2.30903,48.87519],[2.30906,48.87516],[2.30918,48.87504],[2.30931,48.87491],[2.30964,48.87457],[2.30995,48.87437],[2.31001,48.87432],[2.31002,48.8743],[2.31002,48.87427],[2.31018,48.87415],[2.31059,48.8739],[2.31144,48.87315],[2.31151,48.87308],[2.31158,48.8731],[2.3119,48.87319],[2.31229,48.8733],[2.31448,48.87368],[2.31579,48.8739],[2.31589,48.87392],[2.316,48.87394],[2.31615,48.87396],[2.31958,48.87457],[2.31997,48.87477],[2.32021,48.87489],[2.32048,48.87493],[2.32053,48.87494],[2.32058,48.87494],[2.32155,48.87503],[2.32273,48.87512],[2.3228,48.87512],[2.32294,48.87513],[2.32365,48.87517],[2.32371,48.87518],[2.32378,48.87518],[2.32411,48.87523],[2.32458,48.8753],[2.32477,48.87532],[2.32484,48.87534],[2.3249,48.87534],[2.32508,48.87537],[2.32512,48.87538],[2.32657,48.87558],[2.32663,48.87559],[2.32675,48.87561],[2.32685,48.87563],[2.32687,48.87602],[2.32688,48.87617],[2.32691,48.87687],[2.32691,48.87704],[2.32691,48.87708],[2.32692,48.87711],[2.32692,48.87716],[2.32692,48.8772],[2.32694,48.8777],[2.32695,48.87779],[2.32695,48.87786],[2.32695,48.878],[2.32698,48.87872],[2.32698,48.87879],[2.32702,48.87957],[2.32702,48.87965],[2.32702,48.87983],[2.32704,48.88044],[2.32704,48.88054],[2.32706,48.88081],[2.32707,48.88087],[2.32707,48.8809],[2.32708,48.88127],[2.32708,48.88135],[2.32718,48.88321],[2.32718,48.88334],[2.32719,48.88348]]]}},{"type":"Feature","properties":{"id":"relation/2188826","nom_qua":"Quartier de la Madeleine","name":"Quartier de la Madeleine","quartier":"Quartier de la Madeleine","arrondissement":"","ref_INSEE":""},"geometry":{"type":"Polygon","coordinates":[[[2.3252,48.86937],[2.32519,48.8694],[2.32517,48.86946],[2.32587,48.86957],[2.32609,48.87057],[2.3261,48.87061],[2.32657,48.87245],[2.32662,48.87266],[2.32675,48.87314],[2.32708,48.87362],[2.32707,48.87389],[2.32702,48.87397],[2.32692,48.87418],[2.32677,48.87483],[2.32673,48.87499],[2.32667,48.87521],[2.32663,48.87535],[2.32657,48.87558],[2.32512,48.87538],[2.32508,48.87537],[2.3249,48.87534],[2.32484,48.87534],[2.32477,48.87532],[2.32458,48.8753],[2.32411,48.87523],[2.32378,48.87518],[2.32371,48.87518],[2.32365,48.87517],[2.32294,48.87513],[2.3228,48.87512],[2.32273,48.87512],[2.32155,48.87503],[2.32058,48.87494],[2.32053,48.87494],[2.32048,48.87493],[2.32021,48.87489],[2.31997,48.87477],[2.31958,48.87457],[2.31615,48.87396],[2.316,48.87394],[2.31589,48.87392],[2.31579,48.8739],[2.31448,48.87368],[2.31229,48.8733],[2.3119,48.87319],[2.31158,48.8731],[2.31151,48.87308],[2.31135,48.87303],[2.31104,48.87293],[2.31091,48.87289],[2.31074,48.87284],[2.31091,48.87278],[2.31224,48.87232],[2.31246,48.87225],[2.31256,48.87222],[2.3125,48.87215],[2.312,48.87148],[2.31197,48.87144],[2.31278,48.87056],[2.3129,48.87041],[2.31203,48.86998],[2.31193,48.86993],[2.31213,48.86987],[2.31341,48.86947],[2.31464,48.86908],[2.31476,48.86904],[2.31463,48.86885],[2.31472,48.86872],[2.31474,48.8687],[2.31479,48.86864],[2.31484,48.86858],[2.31491,48.86851],[2.31501,48.86845],[2.31511,48.8684],[2.31518,48.86838],[2.31521,48.86837],[2.31533,48.86834],[2.31547,48.86832],[2.31551,48.86832],[2.31583,48.86832],[2.31612,48.86833],[2.31631,48.86835],[2.31641,48.86836],[2.31646,48.86835],[2.31652,48.86834],[2.3183,48.86778],[2.3183,48.86778],[2.31926,48.86747],[2.32333,48.86618],[2.32348,48.8664],[2.32349,48.86641],[2.32357,48.8665],[2.32353,48.86651],[2.32455,48.86789],[2.32458,48.86793],[2.32459,48.86795],[2.32462,48.868],[2.32526,48.86891],[2.3253,48.86895],[2.32534,48.86896],[2.32522,48.86931],[2.3252,48.86937]]]}},{"type":"Feature","properties":{"id":"relation/2189366","nom_qua":"Quartier Gaillon","name":"Quartier Gaillon","quartier":"Quartier Gaillon","arrondissement":"","ref_INSEE":""},"geometry":{"type":"Polygon","coordinates":[[[2.33366,48.86751],[2.33385,48.86747],[2.3339,48.86745],[2.33459,48.86729],[2.33468,48.86727],[2.33525,48.86714],[2.33533,48.86712],[2.3358,48.86701],[2.33588,48.86699],[2.3359,48.86704],[2.33634,48.86801],[2.33668,48.86883],[2.33669,48.86888],[2.33678,48.86953],[2.33678,48.86958],[2.33679,48.86962],[2.33679,48.86964],[2.33685,48.87009],[2.33688,48.87036],[2.33689,48.87039],[2.33703,48.87146],[2.33688,48.87144],[2.33617,48.87132],[2.33592,48.87128],[2.33495,48.87111],[2.33479,48.87108],[2.33462,48.87105],[2.33443,48.87102],[2.33416,48.87097],[2.334,48.87094],[2.33316,48.87079],[2.33255,48.87069],[2.33239,48.87068],[2.3322,48.87065],[2.33207,48.87062],[2.33004,48.87027],[2.32978,48.87022],[2.32948,48.87017],[2.32905,48.8701],[2.32903,48.87009],[2.32823,48.86996],[2.32808,48.86994],[2.32799,48.86993],[2.32814,48.86982],[2.32816,48.86981],[2.32824,48.86975],[2.32877,48.86937],[2.32942,48.8689],[2.33018,48.86838],[2.33027,48.86832],[2.3304,48.86828],[2.33069,48.8682],[2.33173,48.86796],[2.33222,48.86784],[2.3323,48.86783],[2.33238,48.86781],[2.33346,48.86756],[2.33366,48.86751]]]}},{"type":"Feature","properties":{"id":"relation/2189371","nom_qua":"Quartier Vivienne","name":"Quartier Vivienne","quartier":"Quartier Vivienne","arrondissement":"","ref_INSEE":""},"geometry":{"type":"Polygon","coordinates":[[[2.34087,48.86582],[2.34118,48.86575],[2.34142,48.86602],[2.34145,48.8661],[2.3413,48.86627],[2.34127,48.8663],[2.34102,48.86638],[2.34103,48.86641],[2.3415,48.86754],[2.34152,48.8676],[2.34189,48.86846],[2.3419,48.86854],[2.34228,48.8694],[2.3423,48.86945],[2.3423,48.86946],[2.34232,48.86951],[2.34259,48.87013],[2.34262,48.87022],[2.34303,48.87136],[2.34305,48.87143],[2.34307,48.87148],[2.34288,48.87151],[2.34161,48.87172],[2.34005,48.872],[2.33917,48.87183],[2.33914,48.87183],[2.33912,48.87182],[2.33826,48.87167],[2.33807,48.87164],[2.33804,48.87164],[2.33774,48.87158],[2.33731,48.87151],[2.33711,48.87148],[2.33703,48.87146],[2.33689,48.87039],[2.33688,48.87036],[2.33685,48.87009],[2.33679,48.86964],[2.33679,48.86962],[2.33678,48.86958],[2.33678,48.86953],[2.33669,48.86888],[2.33668,48.86883],[2.33634,48.86801],[2.3359,48.86704],[2.33588,48.86699],[2.33595,48.86697],[2.33656,48.86683],[2.33725,48.86667],[2.33729,48.86666],[2.33736,48.86664],[2.33746,48.86662],[2.3386,48.86635],[2.33867,48.86634],[2.33874,48.86632],[2.33907,48.86624],[2.33927,48.8662],[2.33945,48.86615],[2.33958,48.86612],[2.33965,48.86611],[2.3399,48.86605],[2.33999,48.86603],[2.3405,48.86591],[2.3407,48.86586],[2.34072,48.86586],[2.34087,48.86582]]]}},{"type":"Feature","properties":{"id":"relation/2189380","nom_qua":"Quartier du Mail","name":"Quartier du Mail","quartier":"Quartier du Mail","arrondissement":"","ref_INSEE":""},"geometry":{"type":"Polygon","coordinates":[[[2.34307,48.87148],[2.34305,48.87143],[2.34303,48.87136],[2.34262,48.87022],[2.34259,48.87013],[2.34232,48.86951],[2.3423,48.86946],[2.3423,48.86945],[2.34228,48.8694],[2.3419,48.86854],[2.34189,48.86846],[2.34152,48.8676],[2.3415,48.86754],[2.34103,48.86641],[2.34102,48.86638],[2.34127,48.8663],[2.3413,48.86627],[2.34145,48.8661],[2.34142,48.86602],[2.34118,48.86575],[2.3429,48.86534],[2.34293,48.86533],[2.3432,48.86526],[2.34323,48.86526],[2.34326,48.86525],[2.34384,48.86511],[2.3445,48.86495],[2.34479,48.86488],[2.34561,48.86468],[2.34667,48.86443],[2.3467,48.86449],[2.34671,48.86452],[2.34671,48.86453],[2.34679,48.86476],[2.34689,48.86512],[2.34699,48.86553],[2.34702,48.86567],[2.34706,48.86585],[2.34715,48.86634],[2.34727,48.86714],[2.34728,48.8672],[2.3473,48.8673],[2.3473,48.86735],[2.34734,48.86745],[2.34734,48.86747],[2.34736,48.86762],[2.34737,48.86783],[2.34739,48.8679],[2.34742,48.86795],[2.34753,48.86816],[2.34765,48.86839],[2.34768,48.86845],[2.34769,48.8685],[2.34773,48.86881],[2.34774,48.86887],[2.34778,48.86918],[2.34779,48.86927],[2.34787,48.87009],[2.34787,48.87012],[2.34787,48.87015],[2.34792,48.87051],[2.34792,48.87055],[2.34793,48.87057],[2.34793,48.87059],[2.34792,48.87062],[2.34791,48.87068],[2.3477,48.87071],[2.34682,48.87086],[2.34673,48.87087],[2.3461,48.87098],[2.34598,48.871],[2.34572,48.87104],[2.3456,48.87106],[2.34366,48.87138],[2.34322,48.87146],[2.34307,48.87148]]]}},{"type":"Feature","properties":{"id":"relation/2189386","nom_qua":"Quartier de Bonne-Nouvelle","name":"Quartier de Bonne-Nouvelle","quartier":"Quartier de Bonne-Nouvelle","arrondissement":"","ref_INSEE":""},"geometry":{"type":"Polygon","coordinates":[[[2.34679,48.86476],[2.34671,48.86453],[2.34671,48.86452],[2.3467,48.86449],[2.34667,48.86443],[2.34675,48.86441],[2.3468,48.8644],[2.34761,48.86421],[2.34766,48.86419],[2.34848,48.864],[2.34863,48.86396],[2.34887,48.8639],[2.34903,48.86386],[2.34914,48.86384],[2.34929,48.8638],[2.34937,48.86378],[2.34989,48.86366],[2.34994,48.86365],[2.35006,48.86362],[2.35009,48.86361],[2.35054,48.8635],[2.35075,48.86345],[2.3508,48.86344],[2.35087,48.86343],[2.35093,48.86341],[2.35095,48.86341],[2.35152,48.86442],[2.35294,48.86697],[2.35346,48.86791],[2.35426,48.86931],[2.35377,48.86943],[2.353,48.8696],[2.35284,48.86964],[2.35261,48.86968],[2.35254,48.86969],[2.35238,48.86973],[2.35237,48.86973],[2.35231,48.86975],[2.35228,48.86975],[2.35188,48.86984],[2.3514,48.86994],[2.35095,48.87005],[2.35073,48.8701],[2.35051,48.87015],[2.35005,48.87024],[2.34975,48.87031],[2.34957,48.87035],[2.3491,48.87044],[2.34884,48.87049],[2.3487,48.87052],[2.34828,48.8706],[2.34806,48.87065],[2.34791,48.87068],[2.34792,48.87062],[2.34793,48.87059],[2.34793,48.87057],[2.34792,48.87055],[2.34792,48.87051],[2.34787,48.87015],[2.34787,48.87012],[2.34787,48.87009],[2.34779,48.86927],[2.34778,48.86918],[2.34774,48.86887],[2.34773,48.86881],[2.34769,48.8685],[2.34768,48.86845],[2.34765,48.86839],[2.34753,48.86816],[2.34742,48.86795],[2.34739,48.8679],[2.34737,48.86783],[2.34736,48.86762],[2.34734,48.86747],[2.34734,48.86745],[2.3473,48.86735],[2.3473,48.8673],[2.34728,48.8672],[2.34727,48.86714],[2.34715,48.86634],[2.34706,48.86585],[2.34702,48.86567],[2.34699,48.86553],[2.34689,48.86512],[2.34679,48.86476]]]}},{"type":"Feature","properties":{"id":"relation/2189589","nom_qua":"Quartier Saint-Georges","name":"Quartier Saint-Georges","quartier":"Quartier Saint-Georges","arrondissement":"","ref_INSEE":""},"geometry":{"type":"Polygon","coordinates":[[[2.33923,48.87677],[2.33925,48.87688],[2.33935,48.87724],[2.33937,48.87731],[2.33956,48.87799],[2.33969,48.87844],[2.33982,48.87887],[2.33983,48.87892],[2.33988,48.87909],[2.33992,48.87919],[2.33996,48.87928],[2.33998,48.87935],[2.34,48.87939],[2.34017,48.87976],[2.34022,48.87988],[2.34025,48.87994],[2.34041,48.88029],[2.34041,48.88031],[2.34042,48.88033],[2.3404,48.88041],[2.34038,48.88044],[2.34038,48.88045],[2.34036,48.88051],[2.3403,48.88061],[2.33959,48.88206],[2.33782,48.88231],[2.33762,48.88234],[2.3373,48.8824],[2.33702,48.88247],[2.33244,48.88385],[2.32944,48.88455],[2.32814,48.88371],[2.32783,48.88361],[2.32743,48.88352],[2.32719,48.88348],[2.32718,48.88334],[2.32718,48.88321],[2.32708,48.88135],[2.32708,48.88127],[2.32707,48.8809],[2.32707,48.88087],[2.32706,48.88081],[2.32704,48.88054],[2.32704,48.88044],[2.32702,48.87983],[2.32702,48.87965],[2.32702,48.87957],[2.32698,48.87879],[2.32698,48.87872],[2.32695,48.878],[2.32695,48.87786],[2.32695,48.87779],[2.32694,48.8777],[2.32692,48.8772],[2.32692,48.87716],[2.32692,48.87711],[2.32691,48.87708],[2.32691,48.87704],[2.32691,48.87687],[2.32688,48.87617],[2.32687,48.87602],[2.32685,48.87563],[2.32685,48.87557],[2.33018,48.87599],[2.331,48.87617],[2.33109,48.87619],[2.33238,48.8767],[2.3328,48.87684],[2.33376,48.87689],[2.33421,48.87692],[2.33443,48.8769],[2.33545,48.87682],[2.3366,48.87673],[2.33702,48.87671],[2.3371,48.87672],[2.33717,48.87672],[2.33814,48.87686],[2.33816,48.87685],[2.33844,48.87686],[2.33858,48.87685],[2.3387,48.87684],[2.33876,48.87683],[2.33899,48.8768],[2.33904,48.8768],[2.33914,48.87679],[2.33923,48.87677]]]}},{"type":"Feature","properties":{"id":"relation/2189594","nom_qua":"Quartier de Rochechouart","name":"Quartier de Rochechouart","quartier":"Quartier de Rochechouart","arrondissement":"","ref_INSEE":""},"geometry":{"type":"Polygon","coordinates":[[[2.33934,48.87672],[2.3394,48.87671],[2.33951,48.87667],[2.34026,48.8766],[2.3413,48.87655],[2.34143,48.87655],[2.34228,48.87651],[2.34247,48.87652],[2.34271,48.87653],[2.34313,48.87656],[2.34425,48.87653],[2.34428,48.87653],[2.34434,48.87653],[2.3444,48.87654],[2.34446,48.87655],[2.34862,48.87664],[2.34868,48.87664],[2.34892,48.87706],[2.34896,48.87717],[2.349,48.87724],[2.34903,48.87729],[2.3491,48.87742],[2.34912,48.87746],[2.34916,48.87796],[2.34918,48.87809],[2.3492,48.87856],[2.34932,48.87915],[2.34934,48.87923],[2.34935,48.87928],[2.34952,48.87967],[2.34952,48.87968],[2.34956,48.87977],[2.3498,48.88046],[2.34986,48.88063],[2.34984,48.88101],[2.34983,48.88109],[2.34983,48.88117],[2.34968,48.88235],[2.34967,48.8824],[2.34962,48.88305],[2.34962,48.88313],[2.3496,48.88326],[2.34959,48.88349],[2.34949,48.88372],[2.34937,48.88371],[2.34695,48.88342],[2.3467,48.88337],[2.34451,48.88295],[2.34193,48.88244],[2.33982,48.88202],[2.33959,48.88206],[2.3403,48.88061],[2.34036,48.88051],[2.34038,48.88045],[2.34038,48.88044],[2.3404,48.88041],[2.34042,48.88033],[2.34041,48.88031],[2.34041,48.88029],[2.34025,48.87994],[2.34022,48.87988],[2.34017,48.87976],[2.34,48.87939],[2.33998,48.87935],[2.33996,48.87928],[2.33992,48.87919],[2.33988,48.87909],[2.33983,48.87892],[2.33982,48.87887],[2.33969,48.87844],[2.33956,48.87799],[2.33937,48.87731],[2.33935,48.87724],[2.33925,48.87688],[2.33923,48.87677],[2.33934,48.87672]]]}},{"type":"Feature","properties":{"id":"relation/2189601","nom_qua":"Quartier de la Chaussée-d'Antin","name":"Quartier de la Chaussée-d'Antin","quartier":"Quartier de la Chaussée-d'Antin","arrondissement":"","ref_INSEE":""},"geometry":{"type":"Polygon","coordinates":[[[2.33545,48.87682],[2.33443,48.8769],[2.33421,48.87692],[2.33376,48.87689],[2.3328,48.87684],[2.33238,48.8767],[2.33109,48.87619],[2.331,48.87617],[2.33018,48.87599],[2.32685,48.87557],[2.32685,48.87563],[2.32675,48.87561],[2.32663,48.87559],[2.32657,48.87558],[2.32663,48.87535],[2.32667,48.87521],[2.32673,48.87499],[2.32677,48.87483],[2.32692,48.87418],[2.32702,48.87397],[2.32707,48.87389],[2.32708,48.87362],[2.32675,48.87314],[2.32662,48.87266],[2.32657,48.87245],[2.3261,48.87061],[2.32609,48.87057],[2.32587,48.86957],[2.32644,48.86967],[2.32725,48.8698],[2.32766,48.86987],[2.32782,48.8699],[2.32799,48.86993],[2.32808,48.86994],[2.32823,48.86996],[2.32903,48.87009],[2.32905,48.8701],[2.32948,48.87017],[2.32978,48.87022],[2.33004,48.87027],[2.33207,48.87062],[2.3322,48.87065],[2.33239,48.87068],[2.33255,48.87069],[2.33316,48.87079],[2.334,48.87094],[2.33416,48.87097],[2.33443,48.87102],[2.33462,48.87105],[2.33479,48.87108],[2.33495,48.87111],[2.33592,48.87128],[2.33617,48.87132],[2.33688,48.87144],[2.33703,48.87146],[2.33711,48.87148],[2.33716,48.87161],[2.33739,48.87225],[2.33741,48.87231],[2.33742,48.87236],[2.33744,48.87242],[2.33746,48.87248],[2.33766,48.87302],[2.33768,48.87308],[2.33806,48.8741],[2.33808,48.87415],[2.33809,48.87416],[2.33813,48.87428],[2.33818,48.87442],[2.33844,48.87511],[2.33875,48.87596],[2.33905,48.87595],[2.33909,48.87603],[2.33931,48.87664],[2.33934,48.87672],[2.33923,48.87677],[2.33914,48.87679],[2.33904,48.8768],[2.33899,48.8768],[2.33876,48.87683],[2.3387,48.87684],[2.33858,48.87685],[2.33844,48.87686],[2.33816,48.87685],[2.33814,48.87686],[2.33717,48.87672],[2.3371,48.87672],[2.33702,48.87671],[2.3366,48.87673],[2.33545,48.87682]]]}},{"type":"Feature","properties":{"id":"relation/2189604","nom_qua":"Quartier du Faubourg-Montmartre","name":"Quartier du Faubourg-Montmartre","quartier":"Quartier du Faubourg-Montmartre","arrondissement":"","ref_INSEE":""},"geometry":{"type":"Polygon","coordinates":[[[2.33934,48.87672],[2.33931,48.87664],[2.33909,48.87603],[2.33905,48.87595],[2.33875,48.87596],[2.33844,48.87511],[2.33818,48.87442],[2.33813,48.87428],[2.33809,48.87416],[2.33808,48.87415],[2.33806,48.8741],[2.33768,48.87308],[2.33766,48.87302],[2.33746,48.87248],[2.33744,48.87242],[2.33742,48.87236],[2.33741,48.87231],[2.33739,48.87225],[2.33716,48.87161],[2.33711,48.87148],[2.33731,48.87151],[2.33774,48.87158],[2.33804,48.87164],[2.33807,48.87164],[2.33826,48.87167],[2.33912,48.87182],[2.33914,48.87183],[2.33917,48.87183],[2.34005,48.872],[2.34161,48.87172],[2.34288,48.87151],[2.34307,48.87148],[2.34322,48.87146],[2.34366,48.87138],[2.3456,48.87106],[2.34572,48.87104],[2.34598,48.871],[2.3461,48.87098],[2.34673,48.87087],[2.34682,48.87086],[2.3477,48.87071],[2.34791,48.87068],[2.34789,48.87076],[2.34788,48.87082],[2.3479,48.872],[2.3479,48.87205],[2.3479,48.87246],[2.3479,48.8725],[2.34791,48.87306],[2.34791,48.87311],[2.34791,48.87344],[2.34791,48.87397],[2.34791,48.87402],[2.34792,48.87407],[2.34792,48.87409],[2.34805,48.87485],[2.34821,48.87571],[2.34824,48.87579],[2.34826,48.87584],[2.34829,48.87591],[2.34839,48.87611],[2.34847,48.87627],[2.34862,48.87652],[2.34865,48.87657],[2.34868,48.87664],[2.34862,48.87664],[2.34446,48.87655],[2.3444,48.87654],[2.34434,48.87653],[2.34428,48.87653],[2.34425,48.87653],[2.34313,48.87656],[2.34271,48.87653],[2.34247,48.87652],[2.34228,48.87651],[2.34143,48.87655],[2.3413,48.87655],[2.34026,48.8766],[2.33951,48.87667],[2.3394,48.87671],[2.33934,48.87672]]]}},{"type":"Feature","properties":{"id":"relation/2189634","nom_qua":"Quartier de la Porte-Saint-Denis","name":"Quartier de la Porte-Saint-Denis","quartier":"Quartier de la Porte-Saint-Denis","arrondissement":"","ref_INSEE":""},"geometry":{"type":"Polygon","coordinates":[[[2.35426,48.86931],[2.35534,48.87126],[2.35537,48.8713],[2.3559,48.87227],[2.35678,48.87382],[2.35727,48.87469],[2.35808,48.87616],[2.35588,48.8765],[2.35371,48.87678],[2.35152,48.87708],[2.35141,48.8771],[2.34966,48.87735],[2.3491,48.87742],[2.34903,48.87729],[2.349,48.87724],[2.34896,48.87717],[2.34892,48.87706],[2.34868,48.87664],[2.34865,48.87657],[2.34862,48.87652],[2.34847,48.87627],[2.34839,48.87611],[2.34829,48.87591],[2.34826,48.87584],[2.34824,48.87579],[2.34821,48.87571],[2.34805,48.87485],[2.34792,48.87409],[2.34792,48.87407],[2.34791,48.87402],[2.34791,48.87397],[2.34791,48.87344],[2.34791,48.87311],[2.34791,48.87306],[2.3479,48.8725],[2.3479,48.87246],[2.3479,48.87205],[2.3479,48.872],[2.34788,48.87082],[2.34789,48.87076],[2.34791,48.87068],[2.34806,48.87065],[2.34828,48.8706],[2.3487,48.87052],[2.34884,48.87049],[2.3491,48.87044],[2.34957,48.87035],[2.34975,48.87031],[2.35005,48.87024],[2.35051,48.87015],[2.35073,48.8701],[2.35095,48.87005],[2.3514,48.86994],[2.35188,48.86984],[2.35228,48.86975],[2.35231,48.86975],[2.35237,48.86973],[2.35238,48.86973],[2.35254,48.86969],[2.35261,48.86968],[2.35284,48.86964],[2.353,48.8696],[2.35377,48.86943],[2.35426,48.86931]]]}},{"type":"Feature","properties":{"id":"relation/2189676","nom_qua":"Quartier Saint-Vincent-de-Paul","name":"Quartier Saint-Vincent-de-Paul","quartier":"Quartier Saint-Vincent-de-Paul","arrondissement":"","ref_INSEE":""},"geometry":{"type":"Polygon","coordinates":[[[2.35953,48.87595],[2.36033,48.87582],[2.3605,48.87594],[2.36103,48.87687],[2.36111,48.877],[2.36154,48.87773],[2.3616,48.87784],[2.362,48.8785],[2.36201,48.87852],[2.36242,48.87886],[2.36283,48.8792],[2.3629,48.87925],[2.36298,48.87931],[2.36423,48.88035],[2.36433,48.88044],[2.36471,48.88075],[2.36507,48.88105],[2.36515,48.88111],[2.36522,48.88116],[2.36559,48.88146],[2.36579,48.88161],[2.36591,48.8817],[2.36602,48.88178],[2.36605,48.88183],[2.36614,48.8819],[2.36631,48.88203],[2.36685,48.88247],[2.36692,48.88251],[2.36698,48.88256],[2.36822,48.88355],[2.36873,48.88391],[2.36874,48.88392],[2.36867,48.88396],[2.36861,48.884],[2.36852,48.88404],[2.36845,48.88407],[2.36837,48.88409],[2.36833,48.8841],[2.36811,48.88415],[2.36786,48.88416],[2.36689,48.88422],[2.36679,48.88423],[2.36676,48.88423],[2.36647,48.88425],[2.36473,48.88437],[2.36433,48.88439],[2.36392,48.88439],[2.36254,48.88441],[2.36144,48.88441],[2.36091,48.88442],[2.36028,48.88442],[2.35986,48.88442],[2.35931,48.88443],[2.35912,48.88442],[2.35833,48.88436],[2.35723,48.88428],[2.35618,48.88421],[2.35382,48.88406],[2.3525,48.88396],[2.35178,48.8839],[2.35066,48.88381],[2.35039,48.88379],[2.3503,48.88378],[2.35015,48.88377],[2.35003,48.88376],[2.34963,48.88373],[2.34949,48.88372],[2.34959,48.88349],[2.3496,48.88326],[2.34962,48.88313],[2.34962,48.88305],[2.34967,48.8824],[2.34968,48.88235],[2.34983,48.88117],[2.34983,48.88109],[2.34984,48.88101],[2.34986,48.88063],[2.3498,48.88046],[2.34956,48.87977],[2.34952,48.87968],[2.34952,48.87967],[2.34935,48.87928],[2.34934,48.87923],[2.34932,48.87915],[2.3492,48.87856],[2.34918,48.87809],[2.34916,48.87796],[2.34912,48.87746],[2.3491,48.87742],[2.34966,48.87735],[2.35141,48.8771],[2.35152,48.87708],[2.35371,48.87678],[2.35588,48.8765],[2.35808,48.87616],[2.35953,48.87595]]]}},{"type":"Feature","properties":{"id":"relation/2189677","nom_qua":"Quartier de l'Hôpital Saint-Louis","name":"Quartier de l'Hôpital Saint-Louis","quartier":"Quartier de l'Hôpital Saint-Louis","arrondissement":"","ref_INSEE":""},"geometry":{"type":"Polygon","coordinates":[[[2.35953,48.87595],[2.35922,48.87525],[2.36116,48.87461],[2.36262,48.87428],[2.36269,48.87426],[2.36282,48.87423],[2.36303,48.87419],[2.36349,48.87407],[2.36368,48.87403],[2.3649,48.87371],[2.36668,48.87266],[2.36656,48.87257],[2.36786,48.8718],[2.36933,48.86947],[2.36966,48.86957],[2.37105,48.87],[2.37115,48.87003],[2.37154,48.87015],[2.37168,48.8702],[2.37201,48.87029],[2.3728,48.87054],[2.37288,48.87056],[2.373,48.8706],[2.37334,48.87071],[2.37351,48.87077],[2.37358,48.8708],[2.37394,48.87096],[2.37412,48.87104],[2.37429,48.87111],[2.37454,48.8712],[2.37465,48.87124],[2.3747,48.87126],[2.37508,48.87138],[2.37521,48.87143],[2.3757,48.87161],[2.37588,48.87168],[2.37602,48.87172],[2.37671,48.87197],[2.3768,48.87201],[2.37697,48.87208],[2.37513,48.87376],[2.37477,48.87404],[2.37365,48.87504],[2.37345,48.87522],[2.3724,48.87614],[2.37212,48.87639],[2.37091,48.87744],[2.37047,48.87783],[2.37028,48.87799],[2.37026,48.88023],[2.37024,48.88152],[2.37023,48.88242],[2.37019,48.88259],[2.3701,48.88276],[2.37005,48.88281],[2.37002,48.88283],[2.36984,48.88291],[2.36966,48.88298],[2.36956,48.88302],[2.36936,48.88312],[2.36934,48.88314],[2.36925,48.88319],[2.36918,48.88325],[2.36911,48.88332],[2.36904,48.8834],[2.36896,48.88352],[2.36891,48.88362],[2.36891,48.88363],[2.36886,48.88377],[2.36883,48.88383],[2.36881,48.88386],[2.36879,48.88388],[2.36874,48.88392],[2.36873,48.88391],[2.36822,48.88355],[2.36698,48.88256],[2.36692,48.88251],[2.36685,48.88247],[2.36631,48.88203],[2.36614,48.8819],[2.36605,48.88183],[2.36602,48.88178],[2.36591,48.8817],[2.36579,48.88161],[2.36559,48.88146],[2.36522,48.88116],[2.36515,48.88111],[2.36507,48.88105],[2.36471,48.88075],[2.36433,48.88044],[2.36423,48.88035],[2.36298,48.87931],[2.3629,48.87925],[2.36283,48.8792],[2.36242,48.87886],[2.36201,48.87852],[2.362,48.8785],[2.3616,48.87784],[2.36154,48.87773],[2.36111,48.877],[2.36103,48.87687],[2.3605,48.87594],[2.36033,48.87582],[2.35953,48.87595]]]}},{"type":"Feature","properties":{"id":"relation/2189687","nom_qua":"Quartier de la Porte-Saint-Martin","name":"Quartier de la Porte-Saint-Martin","quartier":"Quartier de la Porte-Saint-Martin","arrondissement":"","ref_INSEE":""},"geometry":{"type":"Polygon","coordinates":[[[2.35808,48.87616],[2.35727,48.87469],[2.35678,48.87382],[2.3559,48.87227],[2.35537,48.8713],[2.35534,48.87126],[2.35426,48.86931],[2.35542,48.86905],[2.35558,48.86901],[2.35575,48.86897],[2.35582,48.86896],[2.35585,48.86895],[2.35597,48.86892],[2.35607,48.8689],[2.35636,48.86884],[2.35799,48.8686],[2.35851,48.86853],[2.35886,48.86847],[2.35926,48.86842],[2.35976,48.86833],[2.36037,48.86825],[2.36045,48.86824],[2.36111,48.86815],[2.36115,48.86814],[2.36327,48.86784],[2.36382,48.8675],[2.36545,48.86817],[2.36548,48.86818],[2.36614,48.8684],[2.36697,48.86865],[2.367,48.86865],[2.36704,48.86867],[2.36713,48.86869],[2.36715,48.8687],[2.36749,48.8688],[2.36775,48.86888],[2.36784,48.86891],[2.36788,48.86893],[2.36933,48.86947],[2.36786,48.8718],[2.36656,48.87257],[2.36668,48.87266],[2.3649,48.87371],[2.36368,48.87403],[2.36349,48.87407],[2.36303,48.87419],[2.36282,48.87423],[2.36269,48.87426],[2.36262,48.87428],[2.36116,48.87461],[2.35922,48.87525],[2.35953,48.87595],[2.35808,48.87616]]]}},{"type":"Feature","properties":{"id":"relation/2189722","nom_qua":"Quartier des Arts-et-Métiers","name":"Quartier des Arts-et-Métiers","quartier":"Quartier des Arts-et-Métiers","arrondissement":"","ref_INSEE":""},"geometry":{"type":"Polygon","coordinates":[[[2.35824,48.86338],[2.35825,48.86337],[2.35827,48.86337],[2.3584,48.86355],[2.35885,48.864],[2.35906,48.8642],[2.35952,48.86461],[2.3597,48.86468],[2.35975,48.86475],[2.35988,48.86487],[2.36042,48.8654],[2.36142,48.86636],[2.36159,48.86651],[2.36171,48.86657],[2.36179,48.86663],[2.36185,48.86667],[2.36192,48.8667],[2.36199,48.86673],[2.36382,48.8675],[2.36327,48.86784],[2.36115,48.86814],[2.36111,48.86815],[2.36045,48.86824],[2.36037,48.86825],[2.35976,48.86833],[2.35926,48.86842],[2.35886,48.86847],[2.35851,48.86853],[2.35799,48.8686],[2.35636,48.86884],[2.35607,48.8689],[2.35597,48.86892],[2.35585,48.86895],[2.35582,48.86896],[2.35575,48.86897],[2.35558,48.86901],[2.35542,48.86905],[2.35426,48.86931],[2.35346,48.86791],[2.35294,48.86697],[2.35152,48.86442],[2.35327,48.86482],[2.35514,48.86428],[2.35518,48.86427],[2.35528,48.86424],[2.35671,48.86384],[2.35701,48.86375],[2.3571,48.86373],[2.35735,48.86365],[2.35745,48.86362],[2.35747,48.86362],[2.35824,48.86338]]]}},{"type":"Feature","properties":{"id":"relation/2189723","nom_qua":"Quartier des Enfants-Rouges","name":"Quartier des Enfants-Rouges","quartier":"Quartier des Enfants-Rouges","arrondissement":"","ref_INSEE":""},"geometry":{"type":"Polygon","coordinates":[[[2.35827,48.86337],[2.35876,48.86315],[2.3598,48.8626],[2.36123,48.8618],[2.36129,48.86178],[2.36226,48.86165],[2.3624,48.86163],[2.36325,48.86151],[2.36346,48.86148],[2.36359,48.86146],[2.36373,48.86145],[2.36451,48.86134],[2.36459,48.86133],[2.36468,48.86131],[2.36574,48.86117],[2.36704,48.86099],[2.36725,48.861],[2.36723,48.86107],[2.36715,48.86136],[2.36709,48.86162],[2.36696,48.86219],[2.36692,48.86238],[2.3669,48.86246],[2.36689,48.86246],[2.36689,48.86247],[2.36679,48.86293],[2.36676,48.86311],[2.36666,48.86325],[2.36662,48.86331],[2.36649,48.86354],[2.36638,48.86372],[2.36634,48.86379],[2.36628,48.86388],[2.36604,48.86429],[2.36595,48.86442],[2.36592,48.86447],[2.36591,48.86449],[2.3658,48.86468],[2.36573,48.86479],[2.36566,48.86492],[2.36565,48.86493],[2.36545,48.86526],[2.36538,48.86538],[2.3653,48.8655],[2.36506,48.86587],[2.36499,48.86598],[2.36491,48.86612],[2.3648,48.86631],[2.36478,48.86637],[2.36477,48.8664],[2.36481,48.86653],[2.36425,48.86725],[2.36382,48.8675],[2.36199,48.86673],[2.36192,48.8667],[2.36185,48.86667],[2.36179,48.86663],[2.36171,48.86657],[2.36159,48.86651],[2.36142,48.86636],[2.36042,48.8654],[2.35988,48.86487],[2.35975,48.86475],[2.3597,48.86468],[2.35952,48.86461],[2.35906,48.8642],[2.35885,48.864],[2.3584,48.86355],[2.35827,48.86337]]]}},{"type":"Feature","properties":{"id":"relation/2189724","nom_qua":"Quartier Sainte-Avoye","name":"Quartier Sainte-Avoye","quartier":"Quartier Sainte-Avoye","arrondissement":"","ref_INSEE":""},"geometry":{"type":"Polygon","coordinates":[[[2.35516,48.86065],[2.35536,48.86076],[2.35541,48.86078],[2.35555,48.86085],[2.35575,48.86099],[2.35589,48.86109],[2.35595,48.86114],[2.35612,48.86126],[2.35633,48.86142],[2.35656,48.8616],[2.35673,48.86172],[2.35686,48.86184],[2.35691,48.86191],[2.35721,48.86218],[2.35743,48.86239],[2.35755,48.8625],[2.35766,48.86262],[2.3578,48.86278],[2.35798,48.86301],[2.35799,48.86303],[2.35806,48.86313],[2.35824,48.86338],[2.35747,48.86362],[2.35745,48.86362],[2.35735,48.86365],[2.3571,48.86373],[2.35701,48.86375],[2.35671,48.86384],[2.35528,48.86424],[2.35518,48.86427],[2.35514,48.86428],[2.35327,48.86482],[2.35152,48.86442],[2.35095,48.86341],[2.35067,48.86294],[2.35014,48.86199],[2.35022,48.86198],[2.35032,48.86195],[2.35079,48.86185],[2.35089,48.86183],[2.35094,48.86181],[2.35164,48.86165],[2.35243,48.86148],[2.35247,48.86147],[2.35263,48.86144],[2.35334,48.86127],[2.35349,48.86123],[2.35353,48.86121],[2.3536,48.86119],[2.35402,48.86105],[2.35427,48.86096],[2.35447,48.86089],[2.35456,48.86086],[2.35505,48.86069],[2.35516,48.86065]]]}},{"type":"Feature","properties":{"id":"relation/2189886","nom_qua":"Quartier des Archives","name":"Quartier des Archives","quartier":"Quartier des Archives","arrondissement":"","ref_INSEE":""},"geometry":{"type":"Polygon","coordinates":[[[2.36725,48.861],[2.36704,48.86099],[2.36574,48.86117],[2.36468,48.86131],[2.36459,48.86133],[2.36451,48.86134],[2.36373,48.86145],[2.36359,48.86146],[2.36346,48.86148],[2.36325,48.86151],[2.3624,48.86163],[2.36226,48.86165],[2.36129,48.86178],[2.36123,48.8618],[2.3598,48.8626],[2.35876,48.86315],[2.35827,48.86337],[2.35825,48.86337],[2.35824,48.86338],[2.35806,48.86313],[2.35799,48.86303],[2.35798,48.86301],[2.3578,48.86278],[2.35766,48.86262],[2.35755,48.8625],[2.35743,48.86239],[2.35721,48.86218],[2.35691,48.86191],[2.35686,48.86184],[2.35673,48.86172],[2.35656,48.8616],[2.35633,48.86142],[2.35612,48.86126],[2.35595,48.86114],[2.35589,48.86109],[2.35575,48.86099],[2.35555,48.86085],[2.35541,48.86078],[2.35536,48.86076],[2.35516,48.86065],[2.35527,48.86063],[2.35617,48.86032],[2.3563,48.86028],[2.35659,48.86018],[2.35674,48.86014],[2.35689,48.86007],[2.35696,48.86004],[2.35828,48.85905],[2.35868,48.85874],[2.35876,48.85868],[2.35929,48.85838],[2.36043,48.85782],[2.36075,48.85768],[2.3608,48.85766],[2.36163,48.8573],[2.36166,48.85729],[2.36176,48.85725],[2.36182,48.85723],[2.36213,48.85713],[2.36274,48.85693],[2.36284,48.8569],[2.36292,48.85687],[2.36421,48.85649],[2.36429,48.85646],[2.36441,48.85643],[2.36448,48.8564],[2.36481,48.85635],[2.36497,48.85631],[2.36569,48.85619],[2.36575,48.85618],[2.36583,48.85617],[2.36656,48.85605],[2.36673,48.85604],[2.36725,48.85596],[2.36731,48.85595],[2.36731,48.85595],[2.36732,48.85594],[2.36833,48.85578],[2.3685,48.85578],[2.36849,48.85583],[2.36846,48.85595],[2.36843,48.85602],[2.3684,48.85616],[2.36833,48.85645],[2.36829,48.85661],[2.36822,48.85694],[2.36817,48.85714],[2.36815,48.85723],[2.36811,48.85738],[2.36806,48.85759],[2.36804,48.85766],[2.36803,48.85773],[2.368,48.85783],[2.36798,48.85791],[2.36785,48.85846],[2.36783,48.85856],[2.36781,48.85862],[2.36777,48.85878],[2.36777,48.85882],[2.36766,48.85926],[2.36763,48.85939],[2.3676,48.85948],[2.36754,48.85976],[2.36751,48.85987],[2.3675,48.85989],[2.36747,48.86004],[2.36745,48.86012],[2.36735,48.86056],[2.36732,48.86068],[2.36729,48.86082],[2.36725,48.861]]]}},{"type":"Feature","properties":{"id":"relation/2191005","nom_qua":"Chaillot","name":"Chaillot","quartier":"Chaillot","arrondissement":"","ref_INSEE":""},"geometry":{"type":"Polygon","coordinates":[[[2.28705,48.86297],[2.28718,48.86295],[2.28753,48.86273],[2.28872,48.86197],[2.29193,48.85991],[2.29221,48.86011],[2.29262,48.86039],[2.29419,48.86152],[2.29516,48.86199],[2.29582,48.86228],[2.29634,48.8625],[2.29679,48.86264],[2.29743,48.86285],[2.29798,48.863],[2.29893,48.86321],[2.29927,48.86327],[2.30011,48.86338],[2.30087,48.86344],[2.30146,48.86347],[2.30159,48.86347],[2.30152,48.86453],[2.30048,48.86495],[2.3002,48.86506],[2.2999,48.86533],[2.29978,48.86572],[2.29967,48.86605],[2.29953,48.86651],[2.2995,48.86664],[2.29946,48.86674],[2.29939,48.86698],[2.2993,48.86729],[2.29928,48.86734],[2.29925,48.86745],[2.29921,48.86757],[2.29914,48.86779],[2.29914,48.8678],[2.29898,48.86832],[2.29892,48.86853],[2.29885,48.86864],[2.29882,48.8687],[2.29834,48.86953],[2.29824,48.86969],[2.29819,48.86978],[2.29802,48.87006],[2.29772,48.87057],[2.29759,48.87079],[2.2975,48.87095],[2.29617,48.87248],[2.29504,48.87378],[2.29382,48.87416],[2.2932,48.87437],[2.29315,48.87438],[2.29302,48.87442],[2.29281,48.87448],[2.29279,48.87449],[2.29233,48.87464],[2.29231,48.87464],[2.29229,48.87465],[2.29224,48.87467],[2.29144,48.87492],[2.29139,48.87494],[2.29106,48.87504],[2.28868,48.8758],[2.28568,48.87676],[2.28535,48.87687],[2.28415,48.87723],[2.28341,48.87747],[2.28335,48.87749],[2.28342,48.87715],[2.28393,48.87516],[2.28395,48.87509],[2.28397,48.87501],[2.28405,48.87468],[2.28417,48.87424],[2.28443,48.87324],[2.28445,48.87316],[2.2845,48.87297],[2.28453,48.87282],[2.28457,48.87268],[2.28461,48.87259],[2.28464,48.8724],[2.2847,48.87214],[2.28474,48.872],[2.28486,48.87154],[2.28498,48.87107],[2.28519,48.87025],[2.28521,48.87015],[2.28522,48.87012],[2.28534,48.86966],[2.28545,48.86926],[2.28546,48.86923],[2.28546,48.8692],[2.28578,48.86793],[2.28595,48.86725],[2.2862,48.86626],[2.28625,48.86608],[2.28626,48.86603],[2.28649,48.86514],[2.2865,48.86508],[2.28651,48.86507],[2.28652,48.865],[2.28691,48.86356],[2.28705,48.86297]]]}},{"type":"Feature","properties":{"id":"relation/2191079","nom_qua":"Quartier de la Porte-Dauphine","name":"Quartier de la Porte-Dauphine","quartier":"Quartier de la Porte-Dauphine","arrondissement":"","ref_INSEE":""},"geometry":{"type":"Polygon","coordinates":[[[2.28395,48.87509],[2.28393,48.87516],[2.28342,48.87715],[2.28335,48.87749],[2.2813,48.87816],[2.28117,48.87821],[2.28113,48.87822],[2.28107,48.87824],[2.2798,48.87865],[2.27862,48.8783],[2.27861,48.8783],[2.27803,48.87813],[2.27749,48.87796],[2.26462,48.87957],[2.26027,48.88011],[2.25889,48.88028],[2.25888,48.88028],[2.25849,48.88013],[2.25846,48.88012],[2.25841,48.8801],[2.25541,48.87426],[2.25506,48.87415],[2.25529,48.87397],[2.25542,48.87387],[2.25564,48.87367],[2.25623,48.87318],[2.25679,48.87275],[2.25717,48.87246],[2.2574,48.87227],[2.25769,48.87202],[2.25796,48.87178],[2.25812,48.87163],[2.2583,48.87146],[2.25848,48.87128],[2.25864,48.87114],[2.25885,48.87096],[2.2591,48.87075],[2.25914,48.87072],[2.25927,48.87062],[2.25946,48.87048],[2.25968,48.87033],[2.25986,48.8702],[2.26001,48.87007],[2.26004,48.87005],[2.26021,48.86991],[2.26036,48.86977],[2.26054,48.86958],[2.26078,48.86934],[2.261,48.86914],[2.26118,48.86899],[2.26136,48.86884],[2.26152,48.86874],[2.26167,48.86867],[2.26186,48.8686],[2.26226,48.86849],[2.26247,48.86845],[2.26262,48.86843],[2.26277,48.86842],[2.26291,48.8684],[2.26312,48.8684],[2.26335,48.8684],[2.26353,48.86842],[2.2637,48.86844],[2.26406,48.86849],[2.26425,48.86851],[2.26445,48.86851],[2.26461,48.86851],[2.26479,48.8685],[2.26499,48.86846],[2.26513,48.86842],[2.26527,48.86837],[2.26538,48.86831],[2.26548,48.86825],[2.26557,48.86819],[2.26564,48.8681],[2.26569,48.86803],[2.26572,48.86796],[2.26572,48.86789],[2.26568,48.86776],[2.26563,48.86766],[2.26556,48.86758],[2.26539,48.86738],[2.26521,48.86716],[2.26519,48.86714],[2.26505,48.86697],[2.26498,48.86684],[2.26494,48.86671],[2.26495,48.86655],[2.265,48.86635],[2.26507,48.86619],[2.2652,48.86595],[2.26538,48.86568],[2.26562,48.86541],[2.26593,48.86508],[2.26608,48.86492],[2.26629,48.86472],[2.26645,48.86457],[2.26666,48.86438],[2.26702,48.86401],[2.26733,48.86371],[2.26815,48.86288],[2.26822,48.8629],[2.26834,48.86293],[2.26849,48.86297],[2.2686,48.863],[2.26878,48.86303],[2.26898,48.86305],[2.26917,48.86305],[2.26936,48.86306],[2.26953,48.86308],[2.26976,48.86313],[2.26997,48.86319],[2.27021,48.86327],[2.27042,48.86336],[2.27075,48.86351],[2.27099,48.86361],[2.27133,48.86374],[2.27172,48.86387],[2.27177,48.86388],[2.27195,48.86394],[2.272,48.86395],[2.27249,48.86408],[2.2728,48.86414],[2.27311,48.8642],[2.27338,48.86424],[2.27365,48.86427],[2.27395,48.86429],[2.27428,48.86431],[2.27457,48.86431],[2.27485,48.86431],[2.27515,48.8643],[2.27544,48.86428],[2.27568,48.86426],[2.27599,48.86424],[2.2763,48.86421],[2.27658,48.86418],[2.27686,48.86414],[2.27718,48.86409],[2.27746,48.86404],[2.27966,48.8638],[2.28163,48.86357],[2.28705,48.86297],[2.28691,48.86356],[2.28652,48.865],[2.28651,48.86507],[2.2865,48.86508],[2.28649,48.86514],[2.28626,48.86603],[2.28625,48.86608],[2.2862,48.86626],[2.28595,48.86725],[2.28578,48.86793],[2.28546,48.8692],[2.28546,48.86923],[2.28545,48.86926],[2.28534,48.86966],[2.28522,48.87012],[2.28521,48.87015],[2.28519,48.87025],[2.28498,48.87107],[2.28486,48.87154],[2.28474,48.872],[2.2847,48.87214],[2.28464,48.8724],[2.28461,48.87259],[2.28457,48.87268],[2.28453,48.87282],[2.2845,48.87297],[2.28445,48.87316],[2.28443,48.87324],[2.28417,48.87424],[2.28405,48.87468],[2.28397,48.87501],[2.28395,48.87509]]]}},{"type":"Feature","properties":{"id":"relation/2191088","nom_qua":"Quartier de la Muette","name":"Quartier de la Muette","quartier":"Quartier de la Muette","arrondissement":"","ref_INSEE":""},"geometry":{"type":"Polygon","coordinates":[[[2.27746,48.86404],[2.27718,48.86409],[2.27686,48.86414],[2.27658,48.86418],[2.2763,48.86421],[2.27599,48.86424],[2.27568,48.86426],[2.27544,48.86428],[2.27515,48.8643],[2.27485,48.86431],[2.27457,48.86431],[2.27428,48.86431],[2.27395,48.86429],[2.27365,48.86427],[2.27338,48.86424],[2.27311,48.8642],[2.2728,48.86414],[2.27249,48.86408],[2.272,48.86395],[2.27195,48.86394],[2.27177,48.86388],[2.27172,48.86387],[2.27133,48.86374],[2.27099,48.86361],[2.27075,48.86351],[2.27042,48.86336],[2.27021,48.86327],[2.26997,48.86319],[2.26976,48.86313],[2.26953,48.86308],[2.26936,48.86306],[2.26917,48.86305],[2.26898,48.86305],[2.26878,48.86303],[2.2686,48.863],[2.26849,48.86297],[2.26834,48.86293],[2.26822,48.8629],[2.26815,48.86288],[2.26733,48.86371],[2.26702,48.86401],[2.26666,48.86438],[2.26645,48.86457],[2.26629,48.86472],[2.26608,48.86492],[2.26593,48.86508],[2.26562,48.86541],[2.26538,48.86568],[2.2652,48.86595],[2.26507,48.86619],[2.265,48.86635],[2.26495,48.86655],[2.26494,48.86671],[2.26498,48.86684],[2.26505,48.86697],[2.26519,48.86714],[2.26521,48.86716],[2.26539,48.86738],[2.26556,48.86758],[2.26563,48.86766],[2.26568,48.86776],[2.26572,48.86789],[2.26572,48.86796],[2.26569,48.86803],[2.26564,48.8681],[2.26557,48.86819],[2.26548,48.86825],[2.26538,48.86831],[2.26527,48.86837],[2.26513,48.86842],[2.26499,48.86846],[2.26479,48.8685],[2.26461,48.86851],[2.26445,48.86851],[2.26425,48.86851],[2.26406,48.86849],[2.2637,48.86844],[2.26353,48.86842],[2.26335,48.8684],[2.26312,48.8684],[2.26291,48.8684],[2.26277,48.86842],[2.26262,48.86843],[2.26247,48.86845],[2.26226,48.86849],[2.26186,48.8686],[2.26167,48.86867],[2.26152,48.86874],[2.26136,48.86884],[2.26118,48.86899],[2.261,48.86914],[2.26078,48.86934],[2.26054,48.86958],[2.26036,48.86977],[2.26021,48.86991],[2.26004,48.87005],[2.26001,48.87007],[2.25986,48.8702],[2.25968,48.87033],[2.25946,48.87048],[2.25927,48.87062],[2.25914,48.87072],[2.2591,48.87075],[2.25885,48.87096],[2.25864,48.87114],[2.25848,48.87128],[2.2583,48.87146],[2.25812,48.87163],[2.25796,48.87178],[2.25769,48.87202],[2.2574,48.87227],[2.25717,48.87246],[2.25679,48.87275],[2.25623,48.87318],[2.25564,48.87367],[2.25542,48.87387],[2.25529,48.87397],[2.25506,48.87415],[2.25481,48.87408],[2.24959,48.87538],[2.24761,48.87587],[2.24601,48.87628],[2.24562,48.87636],[2.24336,48.87413],[2.24105,48.87228],[2.24046,48.87189],[2.24012,48.87172],[2.23967,48.87158],[2.23737,48.87101],[2.23402,48.87008],[2.23284,48.86975],[2.23208,48.86951],[2.23123,48.86862],[2.23037,48.86773],[2.22958,48.86685],[2.23094,48.86649],[2.23151,48.86634],[2.23196,48.8662],[2.23234,48.86607],[2.23268,48.86594],[2.23302,48.86578],[2.23342,48.86559],[2.23366,48.86547],[2.23418,48.86518],[2.23482,48.86484],[2.23537,48.86455],[2.23583,48.86432],[2.23612,48.86418],[2.23664,48.86395],[2.23686,48.86384],[2.23703,48.86374],[2.2372,48.86361],[2.23737,48.86344],[2.23759,48.8632],[2.23781,48.86295],[2.23793,48.86277],[2.23801,48.86263],[2.23812,48.8625],[2.23833,48.8623],[2.23864,48.86202],[2.23877,48.86193],[2.2391,48.86167],[2.23983,48.86118],[2.24076,48.86057],[2.24136,48.86021],[2.24189,48.8599],[2.24274,48.85945],[2.24326,48.85919],[2.24379,48.85895],[2.24426,48.85877],[2.24471,48.85862],[2.24487,48.85857],[2.24504,48.85852],[2.24532,48.85844],[2.24595,48.85827],[2.2467,48.85811],[2.24729,48.85801],[2.24789,48.85794],[2.24846,48.85788],[2.24915,48.85784],[2.25001,48.85783],[2.25056,48.85785],[2.25114,48.85787],[2.25169,48.8579],[2.25231,48.85794],[2.253,48.858],[2.25382,48.85808],[2.25497,48.85819],[2.25573,48.85828],[2.25645,48.85836],[2.25673,48.8584],[2.25717,48.85845],[2.25778,48.85854],[2.25811,48.85848],[2.2584,48.85843],[2.2586,48.85841],[2.25882,48.85841],[2.25908,48.85841],[2.25949,48.85842],[2.25987,48.85843],[2.26022,48.85842],[2.26053,48.85839],[2.26084,48.85836],[2.26117,48.85831],[2.26149,48.85825],[2.26189,48.85814],[2.26233,48.85802],[2.26296,48.85784],[2.26278,48.85758],[2.2627,48.85745],[2.26266,48.85736],[2.26263,48.85729],[2.2626,48.85722],[2.26259,48.85715],[2.26257,48.85699],[2.26255,48.85691],[2.2625,48.85677],[2.26176,48.85563],[2.26328,48.85521],[2.26385,48.85609],[2.26444,48.85593],[2.26442,48.85592],[2.26612,48.85553],[2.26671,48.8554],[2.26727,48.85528],[2.26739,48.85525],[2.26745,48.85523],[2.26779,48.85514],[2.26871,48.85487],[2.26937,48.85468],[2.27,48.85449],[2.27014,48.85445],[2.27021,48.85442],[2.27029,48.85439],[2.27033,48.85438],[2.27059,48.85427],[2.27068,48.85423],[2.27077,48.85419],[2.27082,48.85417],[2.27083,48.85416],[2.27175,48.85385],[2.2718,48.85384],[2.273,48.85362],[2.2757,48.853],[2.27583,48.85297],[2.27587,48.85288],[2.27601,48.85259],[2.27845,48.85128],[2.27993,48.85038],[2.27996,48.85036],[2.28087,48.851],[2.28505,48.85394],[2.28742,48.85561],[2.28743,48.85564],[2.28755,48.85573],[2.28766,48.85581],[2.28766,48.85581],[2.2881,48.85612],[2.2886,48.85697],[2.28894,48.85746],[2.28904,48.85758],[2.28913,48.85767],[2.28982,48.85823],[2.29175,48.85979],[2.29193,48.85991],[2.28872,48.86197],[2.28753,48.86273],[2.28718,48.86295],[2.28705,48.86297],[2.28163,48.86357],[2.27966,48.8638],[2.27746,48.86404]]]}},{"type":"Feature","properties":{"id":"relation/2191090","nom_qua":"Quartier d'Auteuil","name":"Quartier d'Auteuil","quartier":"Quartier d'Auteuil","arrondissement":"","ref_INSEE":""},"geometry":{"type":"Polygon","coordinates":[[[2.26296,48.8339],[2.26517,48.83616],[2.26759,48.83852],[2.26962,48.8407],[2.27224,48.84341],[2.27365,48.84483],[2.27539,48.84663],[2.27572,48.84696],[2.27698,48.84805],[2.27779,48.84869],[2.27885,48.84954],[2.27982,48.85025],[2.27996,48.85036],[2.27993,48.85038],[2.27845,48.85128],[2.27601,48.85259],[2.27587,48.85288],[2.27583,48.85297],[2.2757,48.853],[2.273,48.85362],[2.2718,48.85384],[2.27175,48.85385],[2.27083,48.85416],[2.27082,48.85417],[2.27077,48.85419],[2.27068,48.85423],[2.27059,48.85427],[2.27033,48.85438],[2.27029,48.85439],[2.27021,48.85442],[2.27014,48.85445],[2.27,48.85449],[2.26937,48.85468],[2.26871,48.85487],[2.26779,48.85514],[2.26745,48.85523],[2.26739,48.85525],[2.26727,48.85528],[2.26671,48.8554],[2.26612,48.85553],[2.26442,48.85592],[2.26444,48.85593],[2.26385,48.85609],[2.26328,48.85521],[2.26176,48.85563],[2.2625,48.85677],[2.26255,48.85691],[2.26257,48.85699],[2.26259,48.85715],[2.2626,48.85722],[2.26263,48.85729],[2.26266,48.85736],[2.2627,48.85745],[2.26278,48.85758],[2.26296,48.85784],[2.26233,48.85802],[2.26189,48.85814],[2.26149,48.85825],[2.26117,48.85831],[2.26084,48.85836],[2.26053,48.85839],[2.26022,48.85842],[2.25987,48.85843],[2.25949,48.85842],[2.25908,48.85841],[2.25882,48.85841],[2.2586,48.85841],[2.2584,48.85843],[2.25811,48.85848],[2.25778,48.85854],[2.25717,48.85845],[2.25673,48.8584],[2.25645,48.85836],[2.25573,48.85828],[2.25497,48.85819],[2.25382,48.85808],[2.253,48.858],[2.25231,48.85794],[2.25169,48.8579],[2.25114,48.85787],[2.25056,48.85785],[2.25001,48.85783],[2.24915,48.85784],[2.24846,48.85788],[2.24789,48.85794],[2.24729,48.85801],[2.2467,48.85811],[2.24595,48.85827],[2.24532,48.85844],[2.24504,48.85852],[2.24487,48.85857],[2.24471,48.85862],[2.24426,48.85877],[2.24379,48.85895],[2.24326,48.85919],[2.24274,48.85945],[2.24189,48.8599],[2.24136,48.86021],[2.24076,48.86057],[2.23983,48.86118],[2.2391,48.86167],[2.23877,48.86193],[2.23864,48.86202],[2.23833,48.8623],[2.23812,48.8625],[2.23801,48.86263],[2.23793,48.86277],[2.23781,48.86295],[2.23759,48.8632],[2.23737,48.86344],[2.2372,48.86361],[2.23703,48.86374],[2.23686,48.86384],[2.23664,48.86395],[2.23612,48.86418],[2.23583,48.86432],[2.23537,48.86455],[2.23482,48.86484],[2.23418,48.86518],[2.23366,48.86547],[2.23342,48.86559],[2.23302,48.86578],[2.23268,48.86594],[2.23234,48.86607],[2.23196,48.8662],[2.23151,48.86634],[2.23094,48.86649],[2.22958,48.86685],[2.22947,48.86673],[2.22865,48.86577],[2.22843,48.86543],[2.22824,48.86514],[2.22795,48.86433],[2.22729,48.86257],[2.2269,48.86179],[2.2264,48.86096],[2.22571,48.85944],[2.22543,48.85891],[2.22529,48.85863],[2.22523,48.85852],[2.22512,48.85827],[2.22506,48.85812],[2.225,48.85798],[2.22488,48.8576],[2.22479,48.85733],[2.22458,48.85663],[2.22447,48.85623],[2.22437,48.85581],[2.22432,48.85555],[2.22426,48.85524],[2.22416,48.85462],[2.22412,48.8542],[2.22412,48.85402],[2.22412,48.85387],[2.22413,48.85376],[2.22413,48.85365],[2.22414,48.85358],[2.22416,48.85348],[2.22417,48.85344],[2.22556,48.85314],[2.22636,48.85296],[2.2378,48.85044],[2.23814,48.85037],[2.23908,48.85016],[2.23932,48.85011],[2.23956,48.85004],[2.2397,48.84998],[2.23995,48.84985],[2.24012,48.84975],[2.24031,48.8496],[2.24142,48.84864],[2.2415,48.84857],[2.24152,48.84856],[2.2416,48.84849],[2.24209,48.84806],[2.24235,48.84783],[2.24247,48.84773],[2.243,48.8476],[2.24673,48.84664],[2.24789,48.84634],[2.24975,48.84585],[2.25042,48.84569],[2.25049,48.84567],[2.25054,48.84566],[2.25068,48.84563],[2.25083,48.84561],[2.25087,48.8456],[2.25092,48.8456],[2.25094,48.8456],[2.25254,48.84557],[2.25122,48.84286],[2.25124,48.84268],[2.25127,48.8424],[2.2513,48.84211],[2.2513,48.84209],[2.25131,48.84204],[2.25141,48.84115],[2.25149,48.84036],[2.25153,48.84001],[2.25157,48.83965],[2.25161,48.83928],[2.25165,48.83891],[2.25206,48.83843],[2.25209,48.83839],[2.25222,48.83824],[2.25233,48.83814],[2.25301,48.83731],[2.2533,48.83697],[2.25341,48.83686],[2.25353,48.83674],[2.2542,48.83592],[2.25507,48.8349],[2.25515,48.83481],[2.25532,48.83479],[2.25558,48.83476],[2.25617,48.83469],[2.25684,48.83461],[2.257,48.83459],[2.25711,48.83458],[2.25746,48.83454],[2.25947,48.8343],[2.26117,48.83411],[2.26131,48.83409],[2.26152,48.83407],[2.26153,48.83407],[2.26165,48.83406],[2.26202,48.83401],[2.26278,48.83392],[2.26296,48.8339]]]}},{"type":"Feature","properties":{"id":"relation/2191321","nom_qua":"Quartier des Ternes","name":"Quartier des Ternes","quartier":"Quartier des Ternes","arrondissement":"","ref_INSEE":""},"geometry":{"type":"Polygon","coordinates":[[[2.30177,48.87886],[2.30162,48.87897],[2.29994,48.88025],[2.29981,48.88035],[2.29971,48.88044],[2.29965,48.88048],[2.29957,48.88054],[2.29861,48.88126],[2.29855,48.88131],[2.29853,48.88132],[2.29848,48.88136],[2.2971,48.88239],[2.29705,48.88243],[2.29705,48.88243],[2.29699,48.88247],[2.29638,48.88293],[2.2953,48.88375],[2.29441,48.88441],[2.29441,48.88449],[2.29441,48.88455],[2.29381,48.88505],[2.29343,48.88537],[2.2932,48.88553],[2.29164,48.88568],[2.29074,48.88578],[2.28929,48.88595],[2.28583,48.8864],[2.28563,48.88642],[2.28556,48.88643],[2.28546,48.88643],[2.28447,48.88563],[2.28215,48.88385],[2.28186,48.88363],[2.28183,48.8836],[2.28112,48.88305],[2.28099,48.88295],[2.2809,48.88279],[2.27996,48.8787],[2.2798,48.87865],[2.28107,48.87824],[2.28113,48.87822],[2.28117,48.87821],[2.2813,48.87816],[2.28335,48.87749],[2.28341,48.87747],[2.28415,48.87723],[2.28535,48.87687],[2.28568,48.87676],[2.28868,48.8758],[2.29106,48.87504],[2.29139,48.87494],[2.29144,48.87492],[2.29224,48.87467],[2.29229,48.87465],[2.29231,48.87464],[2.29233,48.87464],[2.29279,48.87449],[2.29281,48.87448],[2.29302,48.87442],[2.29315,48.87438],[2.2932,48.87437],[2.29382,48.87416],[2.29504,48.87378],[2.29544,48.87434],[2.29553,48.87445],[2.2956,48.87455],[2.29572,48.87471],[2.29573,48.87474],[2.29576,48.87477],[2.29585,48.8749],[2.296,48.87511],[2.29602,48.87514],[2.29607,48.8752],[2.29608,48.87522],[2.29618,48.87535],[2.29624,48.87544],[2.29651,48.87582],[2.29653,48.87584],[2.29657,48.87589],[2.29664,48.87599],[2.29666,48.87601],[2.29683,48.87625],[2.29687,48.87631],[2.29693,48.87639],[2.29718,48.87673],[2.29772,48.87746],[2.298,48.87786],[2.29816,48.87808],[2.29895,48.87825],[2.29897,48.87826],[2.29943,48.87836],[2.30047,48.87858],[2.30064,48.87862],[2.30082,48.87865],[2.30098,48.87869],[2.30103,48.8787],[2.30177,48.87886]]]}},{"type":"Feature","properties":{"id":"relation/2191324","nom_qua":"Quartier de la Plaine-de-Monceau","name":"Quartier de la Plaine-de-Monceau","quartier":"Quartier de la Plaine-de-Monceau","arrondissement":"","ref_INSEE":""},"geometry":{"type":"Polygon","coordinates":[[[2.30311,48.87915],[2.30336,48.8792],[2.30342,48.87921],[2.30357,48.87924],[2.30484,48.87952],[2.30487,48.87953],[2.30498,48.87955],[2.3051,48.87958],[2.30516,48.87959],[2.30535,48.87963],[2.3086,48.88032],[2.30896,48.88038],[2.30914,48.88042],[2.30991,48.88051],[2.31164,48.88072],[2.31203,48.88076],[2.31253,48.88083],[2.31389,48.88099],[2.31529,48.88117],[2.3165,48.88132],[2.31638,48.88139],[2.31632,48.88147],[2.31611,48.88166],[2.31475,48.88287],[2.3137,48.88377],[2.31364,48.88381],[2.31357,48.88384],[2.31033,48.8854],[2.30966,48.88591],[2.30958,48.88597],[2.30957,48.88597],[2.30947,48.88605],[2.30922,48.88623],[2.30915,48.88629],[2.30498,48.88942],[2.30425,48.88997],[2.30413,48.89005],[2.30403,48.89012],[2.30389,48.89006],[2.30303,48.89071],[2.30255,48.89107],[2.30158,48.89185],[2.30164,48.89189],[2.30113,48.89228],[2.30097,48.8924],[2.30063,48.89267],[2.30047,48.8926],[2.30043,48.89258],[2.30035,48.89255],[2.30003,48.8924],[2.29983,48.8923],[2.29968,48.89224],[2.29948,48.89214],[2.29933,48.89207],[2.29906,48.89194],[2.299,48.89191],[2.29863,48.89174],[2.29856,48.89171],[2.2982,48.89152],[2.29819,48.89151],[2.2981,48.89146],[2.29803,48.89143],[2.29801,48.89142],[2.29787,48.89134],[2.29747,48.89113],[2.29743,48.89111],[2.29732,48.89106],[2.29646,48.8906],[2.29567,48.89019],[2.29561,48.89016],[2.29556,48.89014],[2.29505,48.88987],[2.29437,48.88979],[2.29425,48.88978],[2.29424,48.88977],[2.29404,48.88975],[2.29403,48.88975],[2.2937,48.88971],[2.29351,48.88969],[2.29294,48.88962],[2.29272,48.8896],[2.29168,48.88948],[2.2915,48.88946],[2.29115,48.8893],[2.29117,48.88928],[2.28965,48.88853],[2.28776,48.8876],[2.28711,48.88728],[2.28607,48.88677],[2.28566,48.88657],[2.28546,48.88643],[2.28556,48.88643],[2.28563,48.88642],[2.28583,48.8864],[2.28929,48.88595],[2.29074,48.88578],[2.29164,48.88568],[2.2932,48.88553],[2.29343,48.88537],[2.29381,48.88505],[2.29441,48.88455],[2.29441,48.88449],[2.29441,48.88441],[2.2953,48.88375],[2.29638,48.88293],[2.29699,48.88247],[2.29705,48.88243],[2.29705,48.88243],[2.2971,48.88239],[2.29848,48.88136],[2.29853,48.88132],[2.29855,48.88131],[2.29861,48.88126],[2.29957,48.88054],[2.29965,48.88048],[2.29971,48.88044],[2.29981,48.88035],[2.29994,48.88025],[2.30162,48.87897],[2.30177,48.87886],[2.30185,48.87887],[2.30241,48.879],[2.30273,48.87906],[2.30296,48.87911],[2.30299,48.87912],[2.30303,48.87913],[2.30311,48.87915]]]}},{"type":"Feature","properties":{"id":"relation/2191337","nom_qua":"Quartier des Batignolles","name":"Quartier des Batignolles","quartier":"Quartier des Batignolles","arrondissement":"","ref_INSEE":""},"geometry":{"type":"Polygon","coordinates":[[[2.32559,48.8875],[2.32463,48.88803],[2.32318,48.88709],[2.32304,48.88697],[2.32223,48.88744],[2.32112,48.8881],[2.32104,48.88813],[2.32097,48.88817],[2.32027,48.88858],[2.32022,48.88861],[2.32016,48.88864],[2.31961,48.88897],[2.31954,48.88901],[2.31947,48.88904],[2.31868,48.88946],[2.31819,48.88973],[2.31786,48.88991],[2.31765,48.89002],[2.31734,48.89019],[2.31722,48.89025],[2.31735,48.89039],[2.3171,48.8905],[2.31706,48.89046],[2.31705,48.89045],[2.31703,48.89043],[2.31611,48.89095],[2.31612,48.89097],[2.31551,48.89126],[2.3139,48.89208],[2.31372,48.89218],[2.31319,48.89246],[2.31128,48.89346],[2.31306,48.89416],[2.31362,48.89439],[2.31229,48.89514],[2.30954,48.89671],[2.30782,48.89606],[2.30769,48.89601],[2.30755,48.89596],[2.30731,48.89585],[2.30719,48.89578],[2.30602,48.89523],[2.30379,48.89417],[2.3034,48.89397],[2.30328,48.89392],[2.30156,48.89312],[2.30063,48.89267],[2.30097,48.8924],[2.30113,48.89228],[2.30164,48.89189],[2.30158,48.89185],[2.30255,48.89107],[2.30303,48.89071],[2.30389,48.89006],[2.30403,48.89012],[2.30413,48.89005],[2.30425,48.88997],[2.30498,48.88942],[2.30915,48.88629],[2.30922,48.88623],[2.30947,48.88605],[2.30957,48.88597],[2.30958,48.88597],[2.30966,48.88591],[2.31033,48.8854],[2.31357,48.88384],[2.31364,48.88381],[2.3137,48.88377],[2.31475,48.88287],[2.31611,48.88166],[2.31632,48.88147],[2.31638,48.88139],[2.3165,48.88132],[2.31666,48.88133],[2.32064,48.88215],[2.32719,48.88348],[2.32743,48.88352],[2.32736,48.88367],[2.32735,48.88369],[2.32635,48.88573],[2.32559,48.8875]]]}},{"type":"Feature","properties":{"id":"relation/2191338","nom_qua":"Quartier des Épinettes","name":"Quartier des Épinettes","quartier":"Quartier des Épinettes","arrondissement":"","ref_INSEE":""},"geometry":{"type":"Polygon","coordinates":[[[2.30954,48.89671],[2.31229,48.89514],[2.31362,48.89439],[2.31306,48.89416],[2.31128,48.89346],[2.31319,48.89246],[2.31372,48.89218],[2.3139,48.89208],[2.31551,48.89126],[2.31612,48.89097],[2.31611,48.89095],[2.31703,48.89043],[2.31705,48.89045],[2.31706,48.89046],[2.3171,48.8905],[2.31735,48.89039],[2.31722,48.89025],[2.31734,48.89019],[2.31765,48.89002],[2.31786,48.88991],[2.31819,48.88973],[2.31868,48.88946],[2.31947,48.88904],[2.31954,48.88901],[2.31961,48.88897],[2.32016,48.88864],[2.32022,48.88861],[2.32027,48.88858],[2.32097,48.88817],[2.32104,48.88813],[2.32112,48.8881],[2.32223,48.88744],[2.32304,48.88697],[2.32318,48.88709],[2.32463,48.88803],[2.32559,48.8875],[2.32563,48.88763],[2.32661,48.89056],[2.32743,48.89301],[2.32876,48.89696],[2.32888,48.89735],[2.3289,48.89739],[2.32892,48.89746],[2.32894,48.89755],[2.32901,48.89773],[2.32906,48.89784],[2.32909,48.89794],[2.32915,48.8981],[2.32918,48.89819],[2.32925,48.89832],[2.32942,48.89885],[2.32944,48.89889],[2.32948,48.899],[2.33013,48.90095],[2.33018,48.90103],[2.32778,48.90099],[2.32588,48.90095],[2.32408,48.90089],[2.32229,48.90083],[2.3213,48.90079],[2.32036,48.90076],[2.32024,48.90068],[2.31989,48.90046],[2.3191,48.89998],[2.31872,48.89974],[2.31853,48.89963],[2.31617,48.89894],[2.31529,48.89865],[2.3134,48.89807],[2.31309,48.89798],[2.31234,48.89776],[2.31186,48.89758],[2.30954,48.89671]]]}},{"type":"Feature","properties":{"id":"relation/2191370","nom_qua":"Quartier de la Folie-Méricourt","name":"Quartier de la Folie-Méricourt","quartier":"Quartier de la Folie-Méricourt","arrondissement":"","ref_INSEE":""},"geometry":{"type":"Polygon","coordinates":[[[2.36382,48.8675],[2.36425,48.86725],[2.36481,48.86653],[2.36477,48.8664],[2.36478,48.86637],[2.3648,48.86631],[2.36491,48.86612],[2.36499,48.86598],[2.36506,48.86587],[2.3653,48.8655],[2.36538,48.86538],[2.36545,48.86526],[2.36565,48.86493],[2.36566,48.86492],[2.36573,48.86479],[2.3658,48.86468],[2.36591,48.86449],[2.36592,48.86447],[2.36595,48.86442],[2.36604,48.86429],[2.36628,48.86388],[2.36634,48.86379],[2.36638,48.86372],[2.36649,48.86354],[2.36662,48.86331],[2.36666,48.86325],[2.36676,48.86311],[2.36679,48.86293],[2.36689,48.86247],[2.36689,48.86246],[2.36708,48.86255],[2.36723,48.86261],[2.36739,48.86269],[2.36924,48.86341],[2.36932,48.86344],[2.36996,48.8637],[2.37004,48.86373],[2.37012,48.86377],[2.37059,48.86397],[2.37068,48.864],[2.37075,48.86403],[2.37082,48.86406],[2.37106,48.86416],[2.37127,48.86426],[2.37187,48.86451],[2.37233,48.86462],[2.37312,48.86478],[2.37419,48.86497],[2.37452,48.86503],[2.37457,48.86504],[2.37469,48.86506],[2.37485,48.86509],[2.37504,48.86513],[2.37509,48.86514],[2.37519,48.86516],[2.37531,48.86518],[2.37543,48.86521],[2.37685,48.86554],[2.37733,48.86566],[2.38023,48.86635],[2.38049,48.86642],[2.38273,48.86697],[2.38307,48.86706],[2.38314,48.86708],[2.38308,48.86718],[2.38005,48.86947],[2.37998,48.86952],[2.37877,48.87047],[2.37798,48.8711],[2.37697,48.87208],[2.3768,48.87201],[2.37671,48.87197],[2.37602,48.87172],[2.37588,48.87168],[2.3757,48.87161],[2.37521,48.87143],[2.37508,48.87138],[2.3747,48.87126],[2.37465,48.87124],[2.37454,48.8712],[2.37429,48.87111],[2.37412,48.87104],[2.37394,48.87096],[2.37358,48.8708],[2.37351,48.87077],[2.37334,48.87071],[2.373,48.8706],[2.37288,48.87056],[2.3728,48.87054],[2.37201,48.87029],[2.37168,48.8702],[2.37154,48.87015],[2.37115,48.87003],[2.37105,48.87],[2.36966,48.86957],[2.36933,48.86947],[2.36788,48.86893],[2.36784,48.86891],[2.36775,48.86888],[2.36749,48.8688],[2.36715,48.8687],[2.36713,48.86869],[2.36704,48.86867],[2.367,48.86865],[2.36697,48.86865],[2.36614,48.8684],[2.36548,48.86818],[2.36545,48.86817],[2.36382,48.8675]]]}},{"type":"Feature","properties":{"id":"relation/2191371","nom_qua":"Quartier Saint-Ambroise","name":"Quartier Saint-Ambroise","quartier":"Quartier Saint-Ambroise","arrondissement":"","ref_INSEE":""},"geometry":{"type":"Polygon","coordinates":[[[2.38314,48.86708],[2.38307,48.86706],[2.38273,48.86697],[2.38049,48.86642],[2.38023,48.86635],[2.37733,48.86566],[2.37685,48.86554],[2.37543,48.86521],[2.37531,48.86518],[2.37519,48.86516],[2.37509,48.86514],[2.37504,48.86513],[2.37485,48.86509],[2.37469,48.86506],[2.37457,48.86504],[2.37452,48.86503],[2.37419,48.86497],[2.37312,48.86478],[2.37233,48.86462],[2.37187,48.86451],[2.37127,48.86426],[2.37106,48.86416],[2.37082,48.86406],[2.37075,48.86403],[2.37068,48.864],[2.37059,48.86397],[2.37012,48.86377],[2.37004,48.86373],[2.36996,48.8637],[2.36932,48.86344],[2.36924,48.86341],[2.36739,48.86269],[2.36723,48.86261],[2.36708,48.86255],[2.36689,48.86246],[2.3669,48.86246],[2.36692,48.86238],[2.36696,48.86219],[2.36709,48.86162],[2.36715,48.86136],[2.36723,48.86107],[2.36725,48.861],[2.36729,48.86082],[2.36732,48.86068],[2.36735,48.86056],[2.36745,48.86012],[2.36747,48.86004],[2.3675,48.85989],[2.36751,48.85987],[2.36754,48.85976],[2.3676,48.85948],[2.36763,48.85939],[2.36766,48.85926],[2.36777,48.85882],[2.36777,48.85878],[2.36781,48.85862],[2.36783,48.85856],[2.36785,48.85846],[2.36798,48.85791],[2.368,48.85783],[2.36803,48.85773],[2.36804,48.85766],[2.36806,48.85759],[2.36811,48.85738],[2.36815,48.85723],[2.36817,48.85714],[2.36822,48.85694],[2.3684,48.85699],[2.36846,48.85701],[2.36855,48.85703],[2.36877,48.85709],[2.36885,48.85711],[2.36893,48.85714],[2.36984,48.85744],[2.37101,48.85782],[2.37111,48.85786],[2.37127,48.85791],[2.37138,48.85794],[2.37146,48.85796],[2.37156,48.858],[2.37164,48.85803],[2.37179,48.85808],[2.37196,48.85814],[2.37204,48.85817],[2.37211,48.85819],[2.37257,48.85835],[2.37312,48.85854],[2.37348,48.85867],[2.37378,48.85877],[2.37586,48.85944],[2.37669,48.8597],[2.37677,48.85973],[2.37685,48.85976],[2.37694,48.85978],[2.37702,48.85981],[2.37755,48.85997],[2.37849,48.86026],[2.37856,48.86029],[2.37864,48.86031],[2.37867,48.86033],[2.37871,48.86034],[2.37878,48.86036],[2.37886,48.86039],[2.38039,48.86087],[2.38053,48.86091],[2.38105,48.86108],[2.38115,48.8611],[2.38259,48.86158],[2.38404,48.86206],[2.38443,48.86214],[2.38526,48.8623],[2.38722,48.86285],[2.38731,48.86288],[2.38743,48.86291],[2.3873,48.86308],[2.38618,48.86407],[2.38502,48.86508],[2.3849,48.86519],[2.3837,48.86623],[2.38346,48.86644],[2.38314,48.86708]]]}},{"type":"Feature","properties":{"id":"relation/2191397","nom_qua":"Quartier Sainte-Marguerite","name":"Quartier Sainte-Marguerite","quartier":"Quartier Sainte-Marguerite","arrondissement":"","ref_INSEE":""},"geometry":{"type":"Polygon","coordinates":[[[2.38234,48.854],[2.38201,48.85392],[2.38042,48.85358],[2.37985,48.85346],[2.37948,48.8534],[2.37941,48.85339],[2.37924,48.85337],[2.37873,48.8533],[2.37859,48.85329],[2.37849,48.85329],[2.37809,48.85327],[2.37745,48.85327],[2.37738,48.85327],[2.37709,48.85327],[2.37669,48.85327],[2.37663,48.85327],[2.37642,48.85328],[2.37631,48.85328],[2.37572,48.8533],[2.37563,48.8533],[2.37544,48.85331],[2.37526,48.85327],[2.37517,48.85324],[2.37508,48.85321],[2.37501,48.85318],[2.37464,48.853],[2.3746,48.85295],[2.3745,48.85283],[2.37387,48.85198],[2.37379,48.85187],[2.37433,48.85173],[2.37444,48.8517],[2.37475,48.85163],[2.37484,48.8516],[2.37494,48.85158],[2.37505,48.85155],[2.37509,48.85154],[2.37536,48.85147],[2.37572,48.85138],[2.37583,48.85136],[2.3761,48.85129],[2.37639,48.85122],[2.37653,48.85118],[2.37674,48.85113],[2.37678,48.85112],[2.37718,48.85102],[2.37737,48.85098],[2.37762,48.85092],[2.37767,48.85091],[2.37776,48.85088],[2.37812,48.8508],[2.37838,48.85073],[2.37851,48.8507],[2.37876,48.85064],[2.37892,48.85061],[2.3792,48.85057],[2.37938,48.85055],[2.37949,48.85053],[2.37953,48.85052],[2.38005,48.85045],[2.38011,48.85045],[2.38124,48.85042],[2.38139,48.85039],[2.38151,48.85037],[2.38195,48.85035],[2.38241,48.85031],[2.38256,48.8503],[2.38282,48.85028],[2.38307,48.85026],[2.38417,48.85015],[2.3843,48.85013],[2.38443,48.85012],[2.38468,48.85008],[2.38488,48.85005],[2.38504,48.85003],[2.38631,48.84982],[2.38723,48.84969],[2.38734,48.84967],[2.38828,48.84953],[2.3885,48.84949],[2.38907,48.84941],[2.3894,48.84936],[2.38948,48.84934],[2.3899,48.84928],[2.39008,48.84925],[2.39018,48.84924],[2.39026,48.84923],[2.39109,48.8491],[2.39158,48.84903],[2.39174,48.849],[2.39201,48.84896],[2.39226,48.84892],[2.39246,48.84889],[2.39301,48.84881],[2.39423,48.84863],[2.39434,48.84861],[2.39448,48.84859],[2.3946,48.84857],[2.39501,48.84851],[2.39591,48.84839],[2.39898,48.84811],[2.39907,48.8481],[2.39912,48.8481],[2.39927,48.84886],[2.39895,48.84978],[2.39843,48.85135],[2.39837,48.85143],[2.39717,48.85296],[2.39506,48.85565],[2.39447,48.85656],[2.39421,48.85647],[2.39288,48.85608],[2.39278,48.85606],[2.39225,48.8559],[2.39149,48.85579],[2.39133,48.85576],[2.39116,48.85573],[2.39078,48.85568],[2.39023,48.8556],[2.39012,48.85558],[2.38973,48.85551],[2.38965,48.8555],[2.38957,48.85549],[2.3893,48.85545],[2.38922,48.85544],[2.38912,48.85542],[2.38866,48.85535],[2.38732,48.85515],[2.38725,48.85514],[2.38713,48.85512],[2.38712,48.85512],[2.3871,48.85511],[2.38616,48.8549],[2.3859,48.85484],[2.3855,48.85474],[2.38543,48.85472],[2.38532,48.8547],[2.38522,48.85468],[2.38522,48.85468],[2.38515,48.85467],[2.38512,48.85466],[2.38494,48.85461],[2.3847,48.85455],[2.38461,48.85453],[2.38408,48.85441],[2.38277,48.85409],[2.38266,48.85407],[2.38234,48.854]]]}},{"type":"Feature","properties":{"id":"relation/2191398","nom_qua":"Quartier de la Roquette","name":"Quartier de la Roquette","quartier":"Quartier de la Roquette","arrondissement":"","ref_INSEE":""},"geometry":{"type":"Polygon","coordinates":[[[2.36914,48.85316],[2.36972,48.8533],[2.37005,48.8533],[2.37016,48.8533],[2.37023,48.8533],[2.37028,48.85328],[2.37045,48.85321],[2.37072,48.85303],[2.37083,48.85296],[2.3711,48.85281],[2.37124,48.85273],[2.37176,48.85247],[2.37201,48.85238],[2.37209,48.85236],[2.37235,48.85229],[2.37259,48.85222],[2.37288,48.85213],[2.3732,48.85204],[2.37338,48.85198],[2.37344,48.85197],[2.37364,48.85191],[2.37369,48.8519],[2.37379,48.85187],[2.37387,48.85198],[2.3745,48.85283],[2.3746,48.85295],[2.37464,48.853],[2.37501,48.85318],[2.37508,48.85321],[2.37517,48.85324],[2.37526,48.85327],[2.37544,48.85331],[2.37563,48.8533],[2.37572,48.8533],[2.37631,48.85328],[2.37642,48.85328],[2.37663,48.85327],[2.37669,48.85327],[2.37709,48.85327],[2.37738,48.85327],[2.37745,48.85327],[2.37809,48.85327],[2.37849,48.85329],[2.37859,48.85329],[2.37873,48.8533],[2.37924,48.85337],[2.37941,48.85339],[2.37948,48.8534],[2.37985,48.85346],[2.38042,48.85358],[2.38201,48.85392],[2.38234,48.854],[2.38266,48.85407],[2.38277,48.85409],[2.38408,48.85441],[2.38461,48.85453],[2.3847,48.85455],[2.38494,48.85461],[2.38512,48.85466],[2.38515,48.85467],[2.38522,48.85468],[2.38522,48.85468],[2.38532,48.8547],[2.38543,48.85472],[2.3855,48.85474],[2.3859,48.85484],[2.38616,48.8549],[2.3871,48.85511],[2.38712,48.85512],[2.38713,48.85512],[2.38725,48.85514],[2.38732,48.85515],[2.38866,48.85535],[2.38912,48.85542],[2.38922,48.85544],[2.3893,48.85545],[2.38957,48.85549],[2.38965,48.8555],[2.38973,48.85551],[2.39012,48.85558],[2.39023,48.8556],[2.39078,48.85568],[2.39116,48.85573],[2.39133,48.85576],[2.39149,48.85579],[2.39225,48.8559],[2.39278,48.85606],[2.39288,48.85608],[2.39421,48.85647],[2.39447,48.85656],[2.39227,48.85769],[2.39017,48.85832],[2.3898,48.85843],[2.38972,48.85845],[2.38963,48.8585],[2.38958,48.85853],[2.38954,48.85858],[2.38898,48.85973],[2.38896,48.85978],[2.38888,48.85994],[2.38885,48.85999],[2.38882,48.86006],[2.3884,48.86094],[2.38834,48.86107],[2.38756,48.86267],[2.38752,48.86275],[2.38752,48.86276],[2.38743,48.86291],[2.38731,48.86288],[2.38722,48.86285],[2.38526,48.8623],[2.38443,48.86214],[2.38404,48.86206],[2.38259,48.86158],[2.38115,48.8611],[2.38105,48.86108],[2.38053,48.86091],[2.38039,48.86087],[2.37886,48.86039],[2.37878,48.86036],[2.37871,48.86034],[2.37867,48.86033],[2.37864,48.86031],[2.37856,48.86029],[2.37849,48.86026],[2.37755,48.85997],[2.37702,48.85981],[2.37694,48.85978],[2.37685,48.85976],[2.37677,48.85973],[2.37669,48.8597],[2.37586,48.85944],[2.37378,48.85877],[2.37348,48.85867],[2.37312,48.85854],[2.37257,48.85835],[2.37211,48.85819],[2.37204,48.85817],[2.37196,48.85814],[2.37179,48.85808],[2.37164,48.85803],[2.37156,48.858],[2.37146,48.85796],[2.37138,48.85794],[2.37127,48.85791],[2.37111,48.85786],[2.37101,48.85782],[2.36984,48.85744],[2.36893,48.85714],[2.36885,48.85711],[2.36877,48.85709],[2.36855,48.85703],[2.36846,48.85701],[2.3684,48.85699],[2.36822,48.85694],[2.36829,48.85661],[2.36833,48.85645],[2.3684,48.85616],[2.36843,48.85602],[2.36846,48.85595],[2.36849,48.85583],[2.3685,48.85578],[2.36853,48.85571],[2.3686,48.85538],[2.3687,48.85495],[2.36873,48.85481],[2.36878,48.8546],[2.36882,48.85446],[2.36882,48.85444],[2.36885,48.85433],[2.36886,48.85425],[2.36914,48.85316]]]}},{"type":"Feature","properties":{"id":"relation/2191497","nom_qua":"Quartier de Croulebarbe","name":"Quartier de Croulebarbe","quartier":"Quartier de Croulebarbe","arrondissement":"","ref_INSEE":""},"geometry":{"type":"Polygon","coordinates":[[[2.35558,48.83143],[2.35531,48.83182],[2.35519,48.83199],[2.35511,48.8321],[2.35503,48.83222],[2.35498,48.83229],[2.35497,48.83231],[2.35496,48.83233],[2.35481,48.83255],[2.35476,48.83263],[2.35475,48.83265],[2.35461,48.83285],[2.35431,48.83326],[2.3543,48.83328],[2.35422,48.8334],[2.35415,48.83349],[2.35413,48.83352],[2.35384,48.83395],[2.3538,48.834],[2.35373,48.8341],[2.35363,48.83425],[2.35362,48.83427],[2.35355,48.83436],[2.35347,48.83447],[2.35346,48.8345],[2.35334,48.83466],[2.35326,48.83477],[2.35319,48.83487],[2.35306,48.83506],[2.35257,48.83577],[2.35254,48.83581],[2.35252,48.83584],[2.35245,48.83594],[2.35222,48.83625],[2.35198,48.8366],[2.35185,48.83679],[2.35178,48.83678],[2.35167,48.83678],[2.34984,48.83699],[2.34899,48.83709],[2.3472,48.83729],[2.34701,48.83732],[2.34633,48.83746],[2.34547,48.83765],[2.34535,48.83767],[2.34207,48.83836],[2.34207,48.83831],[2.34205,48.8382],[2.34205,48.83814],[2.34199,48.83763],[2.34192,48.83707],[2.34189,48.83685],[2.34189,48.83681],[2.34168,48.83544],[2.34167,48.83538],[2.34166,48.83533],[2.3416,48.83492],[2.34159,48.83487],[2.34159,48.83481],[2.34156,48.8347],[2.34156,48.83466],[2.34137,48.83366],[2.34129,48.83324],[2.34126,48.83311],[2.34125,48.83303],[2.34123,48.83293],[2.34114,48.83249],[2.34114,48.83207],[2.34115,48.83179],[2.34421,48.83094],[2.34591,48.83048],[2.34702,48.83017],[2.34841,48.82979],[2.34912,48.8296],[2.34932,48.82956],[2.34936,48.82957],[2.34954,48.82955],[2.34992,48.82962],[2.35045,48.8298],[2.35341,48.83074],[2.35483,48.83119],[2.35558,48.83143]]]}},{"type":"Feature","properties":{"id":"relation/2191498","nom_qua":"Quartier de la Gare","name":"Quartier de la Gare","quartier":"Quartier de la Gare","arrondissement":"","ref_INSEE":""},"geometry":{"type":"Polygon","coordinates":[[[2.36698,48.81721],[2.37415,48.81951],[2.37461,48.81966],[2.37602,48.82012],[2.37778,48.82072],[2.37781,48.82073],[2.37786,48.82075],[2.37874,48.82104],[2.37906,48.82114],[2.37909,48.82115],[2.37913,48.82116],[2.38075,48.82169],[2.38151,48.82241],[2.38396,48.82328],[2.38515,48.8237],[2.38705,48.82438],[2.38717,48.82442],[2.3872,48.82443],[2.38877,48.82499],[2.38881,48.82501],[2.38884,48.82502],[2.38978,48.82552],[2.39026,48.82573],[2.38763,48.82755],[2.38675,48.82825],[2.37734,48.8358],[2.3748,48.8381],[2.37376,48.83753],[2.37248,48.83686],[2.37173,48.83646],[2.37113,48.83614],[2.37104,48.83609],[2.37082,48.83599],[2.37073,48.83596],[2.37057,48.83588],[2.37015,48.8357],[2.36966,48.83548],[2.36919,48.83533],[2.36869,48.83516],[2.36823,48.835],[2.36768,48.83482],[2.3672,48.83465],[2.36498,48.83392],[2.36353,48.83345],[2.35981,48.83219],[2.35875,48.83184],[2.35804,48.8316],[2.35615,48.83097],[2.35624,48.83084],[2.3564,48.83064],[2.3567,48.83027],[2.35681,48.83012],[2.35798,48.82864],[2.35811,48.82847],[2.35984,48.82627],[2.35996,48.82616],[2.36,48.82607],[2.36017,48.82586],[2.36018,48.82584],[2.36022,48.8258],[2.36066,48.82523],[2.36072,48.82515],[2.36078,48.82508],[2.36179,48.8238],[2.36188,48.82368],[2.36191,48.82364],[2.36224,48.82321],[2.36233,48.8231],[2.36242,48.82298],[2.36271,48.82261],[2.36277,48.82254],[2.3628,48.8225],[2.36312,48.8221],[2.36316,48.82205],[2.3632,48.822],[2.36324,48.82195],[2.36334,48.82182],[2.3634,48.82175],[2.36344,48.82169],[2.36347,48.82165],[2.36372,48.82132],[2.36384,48.82119],[2.36389,48.82112],[2.36402,48.82095],[2.36406,48.8209],[2.36423,48.82068],[2.36439,48.82048],[2.36456,48.82024],[2.36458,48.82022],[2.3646,48.8202],[2.36463,48.82015],[2.36467,48.8201],[2.36475,48.82006],[2.3648,48.81999],[2.36498,48.81976],[2.36521,48.81945],[2.36565,48.81887],[2.36698,48.81721]]]}},{"type":"Feature","properties":{"id":"relation/2191499","nom_qua":"Maison-Blanche","name":"Maison-Blanche","quartier":"Maison-Blanche","arrondissement":"","ref_INSEE":""},"geometry":{"type":"Polygon","coordinates":[[[2.34397,48.81577],[2.3445,48.81558],[2.34443,48.81611],[2.34643,48.81591],[2.34662,48.81589],[2.34692,48.81587],[2.34719,48.816],[2.34739,48.81609],[2.34779,48.81629],[2.34798,48.81638],[2.34819,48.81648],[2.34836,48.81657],[2.34849,48.81663],[2.34855,48.81666],[2.34869,48.81673],[2.3524,48.81853],[2.35592,48.81597],[2.35661,48.81598],[2.36009,48.81602],[2.36341,48.81606],[2.36425,48.81633],[2.36473,48.81648],[2.36617,48.81691],[2.36698,48.81721],[2.36565,48.81887],[2.36521,48.81945],[2.36498,48.81976],[2.3648,48.81999],[2.36475,48.82006],[2.36467,48.8201],[2.36463,48.82015],[2.3646,48.8202],[2.36458,48.82022],[2.36456,48.82024],[2.36439,48.82048],[2.36423,48.82068],[2.36406,48.8209],[2.36402,48.82095],[2.36389,48.82112],[2.36384,48.82119],[2.36372,48.82132],[2.36347,48.82165],[2.36344,48.82169],[2.3634,48.82175],[2.36334,48.82182],[2.36324,48.82195],[2.3632,48.822],[2.36316,48.82205],[2.36312,48.8221],[2.3628,48.8225],[2.36277,48.82254],[2.36271,48.82261],[2.36242,48.82298],[2.36233,48.8231],[2.36224,48.82321],[2.36191,48.82364],[2.36188,48.82368],[2.36179,48.8238],[2.36078,48.82508],[2.36072,48.82515],[2.36066,48.82523],[2.36022,48.8258],[2.36018,48.82584],[2.36017,48.82586],[2.36,48.82607],[2.35996,48.82616],[2.35984,48.82627],[2.35811,48.82847],[2.35798,48.82864],[2.35681,48.83012],[2.3567,48.83027],[2.3564,48.83064],[2.35624,48.83084],[2.35615,48.83097],[2.35558,48.83143],[2.35483,48.83119],[2.35341,48.83074],[2.35045,48.8298],[2.34992,48.82962],[2.34954,48.82955],[2.34936,48.82957],[2.34932,48.82956],[2.34912,48.8296],[2.34841,48.82979],[2.34702,48.83017],[2.34591,48.83048],[2.34421,48.83094],[2.34115,48.83179],[2.34123,48.83139],[2.34127,48.83029],[2.34138,48.8294],[2.3415,48.82888],[2.34151,48.82882],[2.34159,48.82834],[2.34162,48.82809],[2.34164,48.8278],[2.34163,48.82753],[2.34162,48.82738],[2.34162,48.82703],[2.34165,48.82655],[2.34166,48.82647],[2.34169,48.82603],[2.34159,48.8253],[2.3416,48.82518],[2.3416,48.82514],[2.34155,48.82463],[2.34154,48.82456],[2.34153,48.82449],[2.34144,48.82367],[2.34173,48.8227],[2.3419,48.82237],[2.34204,48.8221],[2.34257,48.82134],[2.34268,48.82119],[2.34388,48.82036],[2.34463,48.81955],[2.34462,48.81951],[2.34459,48.81942],[2.34456,48.81933],[2.34456,48.81925],[2.3445,48.81904],[2.34412,48.81772],[2.34409,48.81755],[2.34407,48.81738],[2.34407,48.81735],[2.34397,48.81577]]]}},{"type":"Feature","properties":{"id":"relation/2191500","nom_qua":"Quartier de la Salpêtrière","name":"Quartier de la Salpêtrière","quartier":"Quartier de la Salpêtrière","arrondissement":"","ref_INSEE":""},"geometry":{"type":"Polygon","coordinates":[[[2.35558,48.83143],[2.35615,48.83097],[2.35804,48.8316],[2.35875,48.83184],[2.35981,48.83219],[2.36353,48.83345],[2.36498,48.83392],[2.3672,48.83465],[2.36768,48.83482],[2.36823,48.835],[2.36869,48.83516],[2.36919,48.83533],[2.36966,48.83548],[2.37015,48.8357],[2.37057,48.83588],[2.37073,48.83596],[2.37082,48.83599],[2.37104,48.83609],[2.37113,48.83614],[2.37173,48.83646],[2.37248,48.83686],[2.37376,48.83753],[2.3748,48.8381],[2.37289,48.83985],[2.37248,48.84013],[2.37241,48.84017],[2.36898,48.8427],[2.36603,48.84493],[2.36515,48.84444],[2.36503,48.84435],[2.36494,48.84426],[2.3649,48.84419],[2.36485,48.8441],[2.36483,48.84405],[2.36479,48.84396],[2.36422,48.8432],[2.36326,48.8419],[2.36303,48.8416],[2.36254,48.84093],[2.36216,48.84042],[2.3618,48.83996],[2.35185,48.83679],[2.35198,48.8366],[2.35222,48.83625],[2.35245,48.83594],[2.35252,48.83584],[2.35254,48.83581],[2.35257,48.83577],[2.35306,48.83506],[2.35319,48.83487],[2.35326,48.83477],[2.35334,48.83466],[2.35346,48.8345],[2.35347,48.83447],[2.35355,48.83436],[2.35362,48.83427],[2.35363,48.83425],[2.35373,48.8341],[2.3538,48.834],[2.35384,48.83395],[2.35413,48.83352],[2.35415,48.83349],[2.35422,48.8334],[2.3543,48.83328],[2.35431,48.83326],[2.35461,48.83285],[2.35475,48.83265],[2.35476,48.83263],[2.35481,48.83255],[2.35496,48.83233],[2.35497,48.83231],[2.35498,48.83229],[2.35503,48.83222],[2.35511,48.8321],[2.35519,48.83199],[2.35531,48.83182],[2.35558,48.83143]]]}},{"type":"Feature","properties":{"id":"relation/2191530","nom_qua":"Quartier du Montparnasse","name":"Quartier du Montparnasse","quartier":"Quartier du Montparnasse","arrondissement":"","ref_INSEE":""},"geometry":{"type":"Polygon","coordinates":[[[2.33608,48.83318],[2.34115,48.83179],[2.34114,48.83207],[2.34114,48.83249],[2.34123,48.83293],[2.34125,48.83303],[2.34126,48.83311],[2.34129,48.83324],[2.34137,48.83366],[2.34156,48.83466],[2.34156,48.8347],[2.34159,48.83481],[2.34159,48.83487],[2.3416,48.83492],[2.34166,48.83533],[2.34167,48.83538],[2.34168,48.83544],[2.34189,48.83681],[2.34189,48.83685],[2.34192,48.83707],[2.34199,48.83763],[2.34205,48.83814],[2.34205,48.8382],[2.34207,48.83831],[2.34207,48.83836],[2.33971,48.83886],[2.3376,48.83942],[2.33672,48.83966],[2.33495,48.84022],[2.33437,48.84041],[2.33428,48.84044],[2.33352,48.84069],[2.32983,48.8419],[2.3297,48.84196],[2.32957,48.842],[2.32946,48.84204],[2.32917,48.84213],[2.32889,48.84222],[2.32873,48.84227],[2.32825,48.84243],[2.32761,48.84264],[2.32757,48.84265],[2.32654,48.843],[2.32651,48.84301],[2.32648,48.84302],[2.32637,48.84305],[2.32618,48.84312],[2.32614,48.84313],[2.32611,48.84314],[2.32483,48.84356],[2.32469,48.8436],[2.32407,48.8431],[2.32252,48.84185],[2.32149,48.84101],[2.32184,48.84017],[2.32214,48.83944],[2.32256,48.8384],[2.32285,48.83774],[2.32288,48.83766],[2.32288,48.83765],[2.32293,48.83753],[2.323,48.8374],[2.32319,48.83696],[2.32325,48.83682],[2.32328,48.83674],[2.32335,48.83657],[2.32349,48.83622],[2.32367,48.83615],[2.32479,48.83574],[2.32496,48.83568],[2.32498,48.83567],[2.32535,48.83554],[2.32558,48.83545],[2.32573,48.83539],[2.32583,48.83536],[2.32641,48.83514],[2.32676,48.83501],[2.32679,48.835],[2.32686,48.83497],[2.32694,48.83494],[2.32763,48.83469],[2.32786,48.8346],[2.32838,48.83441],[2.32845,48.83439],[2.32851,48.83436],[2.32907,48.83415],[2.32914,48.83413],[2.32918,48.83411],[2.3292,48.83411],[2.32979,48.83388],[2.33001,48.8338],[2.33054,48.83361],[2.33137,48.8333],[2.33142,48.83328],[2.33144,48.83327],[2.33154,48.83324],[2.33199,48.83381],[2.3323,48.83415],[2.33235,48.83421],[2.33328,48.83395],[2.33509,48.83346],[2.33576,48.83328],[2.33608,48.83318]]]}},{"type":"Feature","properties":{"id":"relation/2191542","nom_qua":"Quartier de Plaisance","name":"Quartier de Plaisance","quartier":"Quartier de Plaisance","arrondissement":"","ref_INSEE":""},"geometry":{"type":"Polygon","coordinates":[[[2.32288,48.83765],[2.32288,48.83766],[2.32285,48.83774],[2.32256,48.8384],[2.32214,48.83944],[2.32184,48.84017],[2.32139,48.83979],[2.31995,48.84052],[2.31719,48.83816],[2.31614,48.83727],[2.31575,48.83694],[2.31511,48.83641],[2.31432,48.83574],[2.31379,48.83529],[2.31303,48.83469],[2.31283,48.83452],[2.31241,48.83419],[2.31185,48.83375],[2.31102,48.83307],[2.31094,48.83308],[2.31086,48.83299],[2.31029,48.83252],[2.30916,48.83158],[2.30914,48.83155],[2.30842,48.83099],[2.30678,48.82972],[2.30356,48.8271],[2.30239,48.82614],[2.30133,48.82518],[2.30132,48.82513],[2.30178,48.82502],[2.30198,48.82498],[2.30201,48.82497],[2.30213,48.82495],[2.30234,48.8249],[2.30398,48.82453],[2.304,48.82452],[2.30405,48.82451],[2.30412,48.82449],[2.30438,48.82444],[2.30584,48.82411],[2.30635,48.82399],[2.3065,48.82395],[2.30681,48.82389],[2.30689,48.82387],[2.30699,48.82385],[2.3083,48.82356],[2.30842,48.82353],[2.30906,48.82339],[2.31026,48.82313],[2.31152,48.82285],[2.31212,48.82271],[2.31301,48.82251],[2.31339,48.82243],[2.31339,48.82243],[2.3138,48.82233],[2.31413,48.82226],[2.31432,48.82236],[2.31446,48.82243],[2.31469,48.82258],[2.31505,48.82271],[2.31696,48.82353],[2.31701,48.82355],[2.31738,48.82372],[2.31935,48.82458],[2.31831,48.82481],[2.31846,48.82497],[2.31848,48.82499],[2.3185,48.825],[2.31859,48.8251],[2.31934,48.8259],[2.31954,48.82612],[2.31955,48.82613],[2.31959,48.82617],[2.31966,48.82624],[2.31984,48.82642],[2.31989,48.82647],[2.32012,48.82672],[2.32029,48.82689],[2.32038,48.82699],[2.32072,48.82732],[2.32094,48.82755],[2.32099,48.82759],[2.32107,48.82766],[2.32111,48.8277],[2.32124,48.82782],[2.32137,48.82795],[2.32139,48.82796],[2.32145,48.82803],[2.32147,48.82804],[2.32155,48.82811],[2.32159,48.82815],[2.32173,48.82828],[2.32178,48.82833],[2.32201,48.82856],[2.32206,48.82861],[2.32213,48.82867],[2.32224,48.82877],[2.3226,48.82923],[2.32265,48.8293],[2.32271,48.82937],[2.32274,48.82941],[2.32286,48.82955],[2.32294,48.82965],[2.32306,48.8298],[2.32313,48.82987],[2.32319,48.82994],[2.32346,48.83023],[2.32351,48.83029],[2.32381,48.83073],[2.32395,48.83095],[2.32398,48.831],[2.32402,48.83105],[2.32407,48.83112],[2.32419,48.83129],[2.32439,48.83158],[2.32442,48.83163],[2.32446,48.83169],[2.32449,48.83173],[2.32471,48.83203],[2.32479,48.83213],[2.32496,48.83236],[2.32501,48.83246],[2.32511,48.83262],[2.32518,48.83272],[2.32578,48.83352],[2.32582,48.83357],[2.32586,48.83363],[2.32625,48.83416],[2.32629,48.83421],[2.32632,48.83426],[2.32683,48.83493],[2.32686,48.83497],[2.32679,48.835],[2.32676,48.83501],[2.32641,48.83514],[2.32583,48.83536],[2.32573,48.83539],[2.32558,48.83545],[2.32535,48.83554],[2.32498,48.83567],[2.32496,48.83568],[2.32479,48.83574],[2.32367,48.83615],[2.32349,48.83622],[2.32335,48.83657],[2.32328,48.83674],[2.32325,48.83682],[2.32319,48.83696],[2.323,48.8374],[2.32293,48.83753],[2.32288,48.83765]]]}},{"type":"Feature","properties":{"id":"relation/2191569","nom_qua":"Quartier du Parc-de-Montsouris","name":"Quartier du Parc-de-Montsouris","quartier":"Quartier du Parc-de-Montsouris","arrondissement":"","ref_INSEE":""},"geometry":{"type":"Polygon","coordinates":[[[2.33443,48.83066],[2.33421,48.83035],[2.33414,48.83022],[2.33399,48.83001],[2.33385,48.8298],[2.33374,48.82964],[2.33328,48.82894],[2.333,48.82855],[2.33279,48.82824],[2.33257,48.82782],[2.33171,48.82594],[2.33085,48.82364],[2.33035,48.82217],[2.32993,48.82095],[2.32929,48.81897],[2.32927,48.81891],[2.32927,48.8189],[2.32935,48.81888],[2.33018,48.81869],[2.33021,48.81868],[2.33029,48.81867],[2.33079,48.81856],[2.33081,48.81856],[2.3313,48.81845],[2.33158,48.81839],[2.33178,48.81834],[2.33216,48.81826],[2.33221,48.81825],[2.33237,48.81821],[2.33209,48.81769],[2.33174,48.81703],[2.33192,48.81701],[2.33196,48.817],[2.33198,48.817],[2.33215,48.81698],[2.33224,48.81697],[2.33234,48.81696],[2.33371,48.81676],[2.33382,48.81676],[2.33399,48.81675],[2.33472,48.81671],[2.33477,48.81671],[2.33494,48.81669],[2.33514,48.81668],[2.33522,48.81668],[2.33533,48.81667],[2.33559,48.81665],[2.3361,48.81662],[2.33802,48.81652],[2.33866,48.81648],[2.33953,48.81644],[2.34029,48.81642],[2.34046,48.81641],[2.34167,48.81634],[2.34305,48.81607],[2.34365,48.81587],[2.34397,48.81577],[2.34407,48.81735],[2.34407,48.81738],[2.34409,48.81755],[2.34412,48.81772],[2.3445,48.81904],[2.34456,48.81925],[2.34456,48.81933],[2.34459,48.81942],[2.34462,48.81951],[2.34463,48.81955],[2.34388,48.82036],[2.34268,48.82119],[2.34257,48.82134],[2.34204,48.8221],[2.3419,48.82237],[2.34173,48.8227],[2.34144,48.82367],[2.34153,48.82449],[2.34154,48.82456],[2.34155,48.82463],[2.3416,48.82514],[2.3416,48.82518],[2.34159,48.8253],[2.34169,48.82603],[2.34166,48.82647],[2.34165,48.82655],[2.34162,48.82703],[2.34162,48.82738],[2.34163,48.82753],[2.34164,48.8278],[2.34162,48.82809],[2.34159,48.82834],[2.34151,48.82882],[2.3415,48.82888],[2.34138,48.8294],[2.34127,48.83029],[2.34123,48.83139],[2.34115,48.83179],[2.33608,48.83318],[2.33597,48.83302],[2.33465,48.831],[2.3345,48.83076],[2.33443,48.83066]]]}},{"type":"Feature","properties":{"id":"relation/2191571","nom_qua":"Quartier du Petit-Montrouge","name":"Quartier du Petit-Montrouge","quartier":"Quartier du Petit-Montrouge","arrondissement":"","ref_INSEE":""},"geometry":{"type":"Polygon","coordinates":[[[2.33443,48.83066],[2.3345,48.83076],[2.33465,48.831],[2.33597,48.83302],[2.33608,48.83318],[2.33576,48.83328],[2.33509,48.83346],[2.33328,48.83395],[2.33235,48.83421],[2.3323,48.83415],[2.33199,48.83381],[2.33154,48.83324],[2.33144,48.83327],[2.33142,48.83328],[2.33137,48.8333],[2.33054,48.83361],[2.33001,48.8338],[2.32979,48.83388],[2.3292,48.83411],[2.32918,48.83411],[2.32914,48.83413],[2.32907,48.83415],[2.32851,48.83436],[2.32845,48.83439],[2.32838,48.83441],[2.32786,48.8346],[2.32763,48.83469],[2.32694,48.83494],[2.32686,48.83497],[2.32683,48.83493],[2.32632,48.83426],[2.32629,48.83421],[2.32625,48.83416],[2.32586,48.83363],[2.32582,48.83357],[2.32578,48.83352],[2.32518,48.83272],[2.32511,48.83262],[2.32501,48.83246],[2.32496,48.83236],[2.32479,48.83213],[2.32471,48.83203],[2.32449,48.83173],[2.32446,48.83169],[2.32442,48.83163],[2.32439,48.83158],[2.32419,48.83129],[2.32407,48.83112],[2.32402,48.83105],[2.32398,48.831],[2.32395,48.83095],[2.32381,48.83073],[2.32351,48.83029],[2.32346,48.83023],[2.32319,48.82994],[2.32313,48.82987],[2.32306,48.8298],[2.32294,48.82965],[2.32286,48.82955],[2.32274,48.82941],[2.32271,48.82937],[2.32265,48.8293],[2.3226,48.82923],[2.32224,48.82877],[2.32213,48.82867],[2.32206,48.82861],[2.32201,48.82856],[2.32178,48.82833],[2.32173,48.82828],[2.32159,48.82815],[2.32155,48.82811],[2.32147,48.82804],[2.32145,48.82803],[2.32139,48.82796],[2.32137,48.82795],[2.32124,48.82782],[2.32111,48.8277],[2.32107,48.82766],[2.32099,48.82759],[2.32094,48.82755],[2.32072,48.82732],[2.32038,48.82699],[2.32029,48.82689],[2.32012,48.82672],[2.31989,48.82647],[2.31984,48.82642],[2.31966,48.82624],[2.31959,48.82617],[2.31955,48.82613],[2.31954,48.82612],[2.31934,48.8259],[2.31859,48.8251],[2.3185,48.825],[2.31848,48.82499],[2.31846,48.82497],[2.31831,48.82481],[2.31935,48.82458],[2.31738,48.82372],[2.31701,48.82355],[2.31696,48.82353],[2.31505,48.82271],[2.31469,48.82258],[2.31446,48.82243],[2.31432,48.82236],[2.31413,48.82226],[2.31436,48.82221],[2.31455,48.82217],[2.31473,48.82214],[2.31685,48.82166],[2.31801,48.82141],[2.31833,48.82134],[2.31838,48.82133],[2.3187,48.82126],[2.31872,48.82125],[2.31875,48.82124],[2.31879,48.82124],[2.31912,48.82116],[2.31984,48.821],[2.32063,48.82083],[2.32087,48.82077],[2.32102,48.82074],[2.32132,48.82068],[2.3256,48.81972],[2.32577,48.81968],[2.3258,48.81967],[2.32594,48.81964],[2.32609,48.81961],[2.32627,48.81957],[2.32633,48.81955],[2.32666,48.81948],[2.3268,48.81945],[2.32687,48.81943],[2.32692,48.81942],[2.32746,48.8193],[2.32927,48.8189],[2.32927,48.81891],[2.32929,48.81897],[2.32993,48.82095],[2.33035,48.82217],[2.33085,48.82364],[2.33171,48.82594],[2.33257,48.82782],[2.33279,48.82824],[2.333,48.82855],[2.33328,48.82894],[2.33374,48.82964],[2.33385,48.8298],[2.33399,48.83001],[2.33414,48.83022],[2.33421,48.83035],[2.33443,48.83066]]]}},{"type":"Feature","properties":{"id":"relation/2191804","nom_qua":"Quartier Necker","name":"Quartier Necker","quartier":"Quartier Necker","arrondissement":"","ref_INSEE":""},"geometry":{"type":"Polygon","coordinates":[[[2.30377,48.84942],[2.3036,48.84932],[2.30247,48.84853],[2.30238,48.84846],[2.30215,48.84831],[2.30193,48.84815],[2.30146,48.84783],[2.3014,48.8478],[2.30132,48.84774],[2.30128,48.84771],[2.30109,48.84758],[2.29971,48.84665],[2.29966,48.84661],[2.29924,48.84633],[2.29917,48.84628],[2.29879,48.84601],[2.29873,48.84596],[2.29872,48.84596],[2.2986,48.84588],[2.29811,48.84553],[2.29782,48.84533],[2.29775,48.84528],[2.29773,48.84527],[2.29766,48.84523],[2.29756,48.84515],[2.29738,48.845],[2.29689,48.84462],[2.29651,48.84431],[2.29591,48.84377],[2.29575,48.84361],[2.29778,48.84369],[2.29853,48.84371],[2.29995,48.84337],[2.30262,48.84273],[2.30267,48.84263],[2.3027,48.84259],[2.30308,48.84208],[2.30322,48.84187],[2.30326,48.84183],[2.30329,48.84177],[2.30422,48.84045],[2.30425,48.84041],[2.30497,48.84062],[2.30502,48.84057],[2.30579,48.83963],[2.30585,48.83962],[2.30626,48.83911],[2.30636,48.839],[2.30643,48.83893],[2.30678,48.8386],[2.30716,48.83823],[2.30725,48.83815],[2.30773,48.83778],[2.30777,48.83774],[2.30783,48.8377],[2.30789,48.83763],[2.30794,48.8376],[2.30801,48.83754],[2.30886,48.83706],[2.30891,48.83703],[2.31008,48.83636],[2.31018,48.83632],[2.31029,48.83627],[2.31037,48.83622],[2.31042,48.83618],[2.31088,48.83592],[2.31119,48.83574],[2.31129,48.83568],[2.31134,48.83566],[2.31136,48.83565],[2.31169,48.83546],[2.31179,48.8354],[2.3119,48.83533],[2.31303,48.83469],[2.31379,48.83529],[2.31432,48.83574],[2.31511,48.83641],[2.31575,48.83694],[2.31614,48.83727],[2.31719,48.83816],[2.31995,48.84052],[2.32139,48.83979],[2.32184,48.84017],[2.32149,48.84101],[2.32252,48.84185],[2.32407,48.8431],[2.32469,48.8436],[2.32326,48.84409],[2.32309,48.84415],[2.32303,48.84417],[2.323,48.84418],[2.32273,48.84427],[2.32107,48.84482],[2.3202,48.84511],[2.31933,48.84544],[2.31915,48.84552],[2.31898,48.84561],[2.31892,48.84563],[2.31872,48.84573],[2.31801,48.84611],[2.3179,48.84616],[2.31754,48.84635],[2.31737,48.84644],[2.31722,48.84652],[2.31657,48.84682],[2.31613,48.84668],[2.31537,48.84645],[2.31528,48.84642],[2.31492,48.84631],[2.31439,48.84614],[2.31424,48.84609],[2.3139,48.84599],[2.31372,48.84593],[2.31209,48.84698],[2.3116,48.8473],[2.31054,48.84798],[2.31053,48.84799],[2.31032,48.84794],[2.31024,48.84792],[2.30954,48.84775],[2.30898,48.84762],[2.30882,48.84758],[2.30832,48.84746],[2.30821,48.84744],[2.3081,48.84741],[2.30806,48.8474],[2.30761,48.84724],[2.30757,48.84722],[2.30734,48.84714],[2.30724,48.8472],[2.3072,48.84723],[2.30635,48.84778],[2.30615,48.8479],[2.30597,48.84801],[2.30582,48.84811],[2.30496,48.84867],[2.30453,48.84894],[2.30391,48.84933],[2.30385,48.84937],[2.30377,48.84942]]]}},{"type":"Feature","properties":{"id":"relation/2191839","nom_qua":"Quartier Saint-Lambert","name":"Quartier Saint-Lambert","quartier":"Quartier Saint-Lambert","arrondissement":"","ref_INSEE":""},"geometry":{"type":"Polygon","coordinates":[[[2.29504,48.84288],[2.29485,48.84268],[2.29337,48.84195],[2.29151,48.84104],[2.29142,48.841],[2.29141,48.84099],[2.29135,48.84096],[2.29102,48.84076],[2.29095,48.84071],[2.29072,48.84044],[2.29046,48.84011],[2.29042,48.84007],[2.29041,48.84005],[2.29036,48.83999],[2.29014,48.83971],[2.28953,48.83878],[2.28941,48.83859],[2.28899,48.83848],[2.28579,48.83764],[2.28493,48.83736],[2.28367,48.83687],[2.28178,48.83612],[2.2813,48.83592],[2.281,48.83532],[2.28216,48.83494],[2.28232,48.83495],[2.2839,48.83437],[2.284,48.83433],[2.28374,48.83414],[2.28111,48.83234],[2.28052,48.8319],[2.28147,48.83156],[2.28288,48.83104],[2.28336,48.83086],[2.28468,48.83031],[2.28484,48.83024],[2.28494,48.8302],[2.28547,48.82998],[2.28598,48.82976],[2.28939,48.82832],[2.2909,48.82769],[2.29194,48.82726],[2.29201,48.82723],[2.29206,48.82721],[2.29213,48.82717],[2.29222,48.82714],[2.29232,48.82712],[2.29382,48.82678],[2.29423,48.82669],[2.29501,48.82651],[2.29699,48.82606],[2.29765,48.82591],[2.30029,48.82535],[2.30049,48.8253],[2.30071,48.82525],[2.30132,48.82513],[2.30133,48.82518],[2.30239,48.82614],[2.30356,48.8271],[2.30678,48.82972],[2.30842,48.83099],[2.30914,48.83155],[2.30916,48.83158],[2.31029,48.83252],[2.31086,48.83299],[2.31094,48.83308],[2.31102,48.83307],[2.31185,48.83375],[2.31241,48.83419],[2.31283,48.83452],[2.31303,48.83469],[2.3119,48.83533],[2.31179,48.8354],[2.31169,48.83546],[2.31136,48.83565],[2.31134,48.83566],[2.31129,48.83568],[2.31119,48.83574],[2.31088,48.83592],[2.31042,48.83618],[2.31037,48.83622],[2.31029,48.83627],[2.31018,48.83632],[2.31008,48.83636],[2.30891,48.83703],[2.30886,48.83706],[2.30801,48.83754],[2.30794,48.8376],[2.30789,48.83763],[2.30783,48.8377],[2.30777,48.83774],[2.30773,48.83778],[2.30725,48.83815],[2.30716,48.83823],[2.30678,48.8386],[2.30643,48.83893],[2.30636,48.839],[2.30626,48.83911],[2.30585,48.83962],[2.30579,48.83963],[2.30502,48.84057],[2.30497,48.84062],[2.30425,48.84041],[2.30422,48.84045],[2.30329,48.84177],[2.30326,48.84183],[2.30322,48.84187],[2.30308,48.84208],[2.3027,48.84259],[2.30267,48.84263],[2.30262,48.84273],[2.29995,48.84337],[2.29853,48.84371],[2.29778,48.84369],[2.29575,48.84361],[2.29504,48.84288]]]}},{"type":"Feature","properties":{"id":"relation/2191840","nom_qua":"Quartier de Grenelle","name":"Quartier de Grenelle","quartier":"Quartier de Grenelle","arrondissement":"","ref_INSEE":""},"geometry":{"type":"Polygon","coordinates":[[[2.29504,48.84288],[2.29575,48.84361],[2.29591,48.84377],[2.29651,48.84431],[2.29689,48.84462],[2.29738,48.845],[2.29756,48.84515],[2.29766,48.84523],[2.29773,48.84527],[2.29775,48.84528],[2.29782,48.84533],[2.29811,48.84553],[2.2986,48.84588],[2.29872,48.84596],[2.29873,48.84596],[2.29879,48.84601],[2.29917,48.84628],[2.29924,48.84633],[2.29966,48.84661],[2.29971,48.84665],[2.30109,48.84758],[2.30128,48.84771],[2.30132,48.84774],[2.3014,48.8478],[2.30146,48.84783],[2.30193,48.84815],[2.30215,48.84831],[2.30238,48.84846],[2.30247,48.84853],[2.3036,48.84932],[2.30377,48.84942],[2.30371,48.84947],[2.30212,48.85049],[2.30205,48.85053],[2.30123,48.85106],[2.30093,48.85117],[2.3008,48.85125],[2.30056,48.8514],[2.30037,48.85153],[2.30028,48.85158],[2.30023,48.85161],[2.29934,48.85218],[2.29919,48.85228],[2.29913,48.85232],[2.29837,48.8528],[2.29823,48.85289],[2.2981,48.85297],[2.29805,48.85301],[2.29786,48.85312],[2.29775,48.85319],[2.29755,48.85332],[2.29738,48.85343],[2.29729,48.85348],[2.29695,48.8537],[2.29688,48.85375],[2.29664,48.8539],[2.29589,48.85438],[2.29585,48.8544],[2.29577,48.85446],[2.29536,48.85471],[2.29515,48.85485],[2.2931,48.85616],[2.29297,48.85625],[2.29293,48.85627],[2.29209,48.8568],[2.29126,48.85732],[2.29099,48.85749],[2.28982,48.85823],[2.28913,48.85767],[2.28904,48.85758],[2.28894,48.85746],[2.2886,48.85697],[2.2881,48.85612],[2.28766,48.85581],[2.28766,48.85581],[2.28755,48.85573],[2.28743,48.85564],[2.28742,48.85561],[2.28505,48.85394],[2.28087,48.851],[2.27996,48.85036],[2.28154,48.84939],[2.28223,48.84894],[2.28271,48.84863],[2.28277,48.84859],[2.28288,48.84851],[2.28539,48.84692],[2.28565,48.84676],[2.28575,48.8467],[2.2858,48.84667],[2.28599,48.84656],[2.28614,48.84647],[2.28617,48.84644],[2.2863,48.84637],[2.28641,48.84631],[2.28648,48.84626],[2.28695,48.84605],[2.28799,48.84565],[2.2894,48.8451],[2.28951,48.84505],[2.28953,48.84504],[2.29261,48.84384],[2.29281,48.84376],[2.29281,48.84376],[2.29504,48.84288]]]}},{"type":"Feature","properties":{"id":"relation/2191841","nom_qua":"Quartier de Javel","name":"Quartier de Javel","quartier":"Quartier de Javel","arrondissement":"","ref_INSEE":""},"geometry":{"type":"Polygon","coordinates":[[[2.28052,48.8319],[2.28111,48.83234],[2.28374,48.83414],[2.284,48.83433],[2.2839,48.83437],[2.28232,48.83495],[2.28216,48.83494],[2.281,48.83532],[2.2813,48.83592],[2.28178,48.83612],[2.28367,48.83687],[2.28493,48.83736],[2.28579,48.83764],[2.28899,48.83848],[2.28941,48.83859],[2.28953,48.83878],[2.29014,48.83971],[2.29036,48.83999],[2.29041,48.84005],[2.29042,48.84007],[2.29046,48.84011],[2.29072,48.84044],[2.29095,48.84071],[2.29102,48.84076],[2.29135,48.84096],[2.29141,48.84099],[2.29142,48.841],[2.29151,48.84104],[2.29337,48.84195],[2.29485,48.84268],[2.29504,48.84288],[2.29281,48.84376],[2.29281,48.84376],[2.29261,48.84384],[2.28953,48.84504],[2.28951,48.84505],[2.2894,48.8451],[2.28799,48.84565],[2.28695,48.84605],[2.28648,48.84626],[2.28641,48.84631],[2.2863,48.84637],[2.28617,48.84644],[2.28614,48.84647],[2.28599,48.84656],[2.2858,48.84667],[2.28575,48.8467],[2.28565,48.84676],[2.28539,48.84692],[2.28288,48.84851],[2.28277,48.84859],[2.28271,48.84863],[2.28223,48.84894],[2.28154,48.84939],[2.27996,48.85036],[2.27982,48.85025],[2.27885,48.84954],[2.27779,48.84869],[2.27698,48.84805],[2.27572,48.84696],[2.27539,48.84663],[2.27365,48.84483],[2.27224,48.84341],[2.26962,48.8407],[2.26759,48.83852],[2.26517,48.83616],[2.26296,48.8339],[2.26437,48.83414],[2.26492,48.83423],[2.26502,48.83425],[2.26524,48.83429],[2.26618,48.83445],[2.26623,48.83446],[2.26666,48.83449],[2.26684,48.83451],[2.26692,48.83452],[2.26695,48.83452],[2.26747,48.83463],[2.26795,48.83458],[2.26837,48.83421],[2.26888,48.83381],[2.26991,48.8331],[2.26995,48.83307],[2.26999,48.83304],[2.27003,48.83301],[2.26967,48.83281],[2.2673,48.83156],[2.2676,48.82797],[2.26777,48.82787],[2.26781,48.82785],[2.27111,48.8279],[2.27134,48.82791],[2.27274,48.82793],[2.27281,48.82797],[2.27342,48.8283],[2.27343,48.82831],[2.27579,48.8297],[2.27636,48.83021],[2.27785,48.83145],[2.27905,48.83245],[2.27916,48.83241],[2.28025,48.83201],[2.28037,48.83196],[2.28052,48.8319]]]}},{"type":"Feature","properties":{"id":"relation/2192616","nom_qua":"Quartier des Quinze-Vingts","name":"Quartier des Quinze-Vingts","quartier":"Quartier des Quinze-Vingts","arrondissement":"","ref_INSEE":""},"geometry":{"type":"Polygon","coordinates":[[[2.37241,48.84017],[2.37636,48.84216],[2.37652,48.84224],[2.3786,48.84318],[2.38007,48.84373],[2.38157,48.84429],[2.383,48.84483],[2.38338,48.84485],[2.38341,48.845],[2.38375,48.84688],[2.38377,48.84701],[2.38379,48.84709],[2.3838,48.84712],[2.38409,48.84868],[2.38434,48.85001],[2.38443,48.85012],[2.3843,48.85013],[2.38417,48.85015],[2.38307,48.85026],[2.38282,48.85028],[2.38256,48.8503],[2.38241,48.85031],[2.38195,48.85035],[2.38151,48.85037],[2.38139,48.85039],[2.38124,48.85042],[2.38011,48.85045],[2.38005,48.85045],[2.37953,48.85052],[2.37949,48.85053],[2.37938,48.85055],[2.3792,48.85057],[2.37892,48.85061],[2.37876,48.85064],[2.37851,48.8507],[2.37838,48.85073],[2.37812,48.8508],[2.37776,48.85088],[2.37767,48.85091],[2.37762,48.85092],[2.37737,48.85098],[2.37718,48.85102],[2.37678,48.85112],[2.37674,48.85113],[2.37653,48.85118],[2.37639,48.85122],[2.3761,48.85129],[2.37583,48.85136],[2.37572,48.85138],[2.37536,48.85147],[2.37509,48.85154],[2.37505,48.85155],[2.37494,48.85158],[2.37484,48.8516],[2.37475,48.85163],[2.37444,48.8517],[2.37433,48.85173],[2.37379,48.85187],[2.37369,48.8519],[2.37364,48.85191],[2.37344,48.85197],[2.37338,48.85198],[2.3732,48.85204],[2.37288,48.85213],[2.37259,48.85222],[2.37235,48.85229],[2.37209,48.85236],[2.37201,48.85238],[2.37176,48.85247],[2.37124,48.85273],[2.3711,48.85281],[2.37083,48.85296],[2.37072,48.85303],[2.37045,48.85321],[2.37028,48.85328],[2.37023,48.8533],[2.37016,48.8533],[2.37005,48.8533],[2.36972,48.8533],[2.36914,48.85316],[2.36831,48.85139],[2.36732,48.84921],[2.3665,48.84737],[2.36531,48.84666],[2.36443,48.84614],[2.36475,48.84591],[2.36603,48.84493],[2.36898,48.8427],[2.37241,48.84017]]]}},{"type":"Feature","properties":{"id":"relation/2193876","nom_qua":"Quartier de Charonne","name":"Quartier de Charonne","quartier":"Quartier de Charonne","arrondissement":"","ref_INSEE":""},"geometry":{"type":"Polygon","coordinates":[[[2.40633,48.86235],[2.40627,48.86228],[2.40614,48.86214],[2.40595,48.86195],[2.40588,48.86187],[2.40581,48.86179],[2.40573,48.8617],[2.40486,48.86085],[2.40467,48.86068],[2.40462,48.86062],[2.40416,48.86022],[2.40394,48.8601],[2.40315,48.8597],[2.40309,48.85967],[2.40305,48.85963],[2.40276,48.85949],[2.40249,48.85935],[2.40227,48.85923],[2.40212,48.85914],[2.40205,48.8591],[2.40165,48.85889],[2.40127,48.85868],[2.40126,48.85867],[2.40123,48.85866],[2.40102,48.85855],[2.40071,48.85837],[2.40049,48.85824],[2.40038,48.85817],[2.3996,48.85773],[2.39942,48.85763],[2.39933,48.85758],[2.39915,48.85748],[2.3989,48.85734],[2.39785,48.85699],[2.39771,48.85696],[2.39718,48.85686],[2.39614,48.85676],[2.39532,48.85671],[2.39467,48.8566],[2.39453,48.85657],[2.39447,48.85656],[2.39506,48.85565],[2.39717,48.85296],[2.39837,48.85143],[2.39843,48.85135],[2.39895,48.84978],[2.39927,48.84886],[2.39912,48.8481],[2.39919,48.84809],[2.39927,48.84808],[2.40345,48.84772],[2.40631,48.84744],[2.40783,48.84732],[2.40881,48.84725],[2.41079,48.84707],[2.41133,48.84702],[2.41384,48.8468],[2.41396,48.84679],[2.41399,48.84679],[2.41405,48.84678],[2.4152,48.84669],[2.41553,48.84666],[2.41599,48.84661],[2.41602,48.84672],[2.41607,48.84698],[2.41612,48.8472],[2.41614,48.84729],[2.41616,48.84738],[2.41616,48.8474],[2.41618,48.84749],[2.41618,48.84752],[2.41619,48.84757],[2.4162,48.84761],[2.41626,48.84788],[2.41626,48.84791],[2.4163,48.84808],[2.4163,48.84812],[2.41636,48.84838],[2.41639,48.84856],[2.4164,48.84862],[2.41641,48.84864],[2.41644,48.84879],[2.41636,48.84924],[2.4162,48.84989],[2.41604,48.85085],[2.41602,48.85099],[2.41588,48.8518],[2.41571,48.85279],[2.4156,48.85347],[2.41552,48.85393],[2.41546,48.85423],[2.41534,48.85485],[2.41528,48.85518],[2.41527,48.85526],[2.41517,48.85587],[2.41497,48.85708],[2.41485,48.8578],[2.41471,48.85871],[2.41467,48.85887],[2.4145,48.85982],[2.41441,48.86042],[2.41433,48.86087],[2.41406,48.86257],[2.41396,48.86333],[2.41391,48.86367],[2.4139,48.86376],[2.41386,48.86407],[2.41389,48.86517],[2.41172,48.86515],[2.41098,48.86498],[2.41011,48.86479],[2.40884,48.8645],[2.40832,48.86438],[2.40829,48.86437],[2.40826,48.86435],[2.40814,48.86423],[2.40769,48.86374],[2.40762,48.86367],[2.40639,48.86241],[2.40633,48.86235]]]}},{"type":"Feature","properties":{"id":"relation/2195026","nom_qua":"Quartier de la Villette","name":"Quartier de la Villette","quartier":"Quartier de la Villette","arrondissement":"","ref_INSEE":""},"geometry":{"type":"Polygon","coordinates":[[[2.38231,48.88587],[2.38299,48.88615],[2.38446,48.88653],[2.38474,48.88661],[2.38483,48.88663],[2.3847,48.8872],[2.38454,48.88787],[2.38436,48.8882],[2.38432,48.88829],[2.38377,48.88929],[2.38368,48.88936],[2.38356,48.88946],[2.38357,48.88945],[2.38267,48.89024],[2.3821,48.89074],[2.38202,48.89079],[2.37922,48.89227],[2.37913,48.89232],[2.37907,48.89234],[2.37901,48.89237],[2.37894,48.8924],[2.3788,48.89248],[2.3781,48.89283],[2.37798,48.89289],[2.37734,48.89321],[2.37707,48.89335],[2.37684,48.89346],[2.3768,48.89348],[2.37677,48.89349],[2.37664,48.89351],[2.37643,48.89352],[2.37618,48.89355],[2.37525,48.89361],[2.37424,48.89368],[2.37362,48.89373],[2.37347,48.89374],[2.37332,48.89375],[2.37313,48.89381],[2.37137,48.89428],[2.37075,48.89444],[2.37068,48.89447],[2.37056,48.89449],[2.37043,48.89453],[2.37017,48.89426],[2.37013,48.89418],[2.37004,48.89406],[2.36988,48.89366],[2.36986,48.89362],[2.36982,48.89354],[2.36959,48.89302],[2.36954,48.8929],[2.36951,48.89282],[2.36946,48.89269],[2.36849,48.89049],[2.36831,48.89008],[2.36818,48.8898],[2.36816,48.88977],[2.36771,48.88891],[2.36759,48.8887],[2.36755,48.88859],[2.36751,48.88851],[2.36742,48.88828],[2.3673,48.88797],[2.36717,48.8876],[2.36709,48.88742],[2.36706,48.88733],[2.36701,48.88724],[2.36696,48.88712],[2.36681,48.8868],[2.36678,48.88672],[2.36672,48.88661],[2.36655,48.88641],[2.3665,48.88635],[2.36629,48.88611],[2.36623,48.88601],[2.36478,48.88445],[2.36473,48.88437],[2.36647,48.88425],[2.36676,48.88423],[2.36679,48.88423],[2.36689,48.88422],[2.36786,48.88416],[2.36811,48.88415],[2.36833,48.8841],[2.36837,48.88409],[2.36845,48.88407],[2.36852,48.88404],[2.36861,48.884],[2.36867,48.88396],[2.36874,48.88392],[2.36879,48.88388],[2.36881,48.88386],[2.36883,48.88383],[2.36886,48.88377],[2.36891,48.88363],[2.36891,48.88362],[2.36896,48.88352],[2.36904,48.8834],[2.36911,48.88332],[2.36918,48.88325],[2.36925,48.88319],[2.36934,48.88314],[2.36936,48.88312],[2.36956,48.88302],[2.36966,48.88298],[2.36984,48.88291],[2.37002,48.88283],[2.37005,48.88281],[2.3701,48.88276],[2.37019,48.88259],[2.37023,48.88242],[2.37024,48.88152],[2.37026,48.88023],[2.37028,48.87799],[2.37068,48.87836],[2.37127,48.87898],[2.37156,48.87929],[2.37222,48.87998],[2.37274,48.88054],[2.37284,48.88082],[2.37314,48.8812],[2.37319,48.88125],[2.37417,48.88202],[2.37444,48.88216],[2.37452,48.8822],[2.3746,48.88225],[2.37493,48.88242],[2.37507,48.88249],[2.37512,48.88252],[2.37548,48.88272],[2.37565,48.8828],[2.37584,48.8829],[2.37669,48.88338],[2.37677,48.88342],[2.37683,48.88345],[2.37703,48.88357],[2.37771,48.88395],[2.37781,48.884],[2.37786,48.88403],[2.37796,48.88408],[2.37868,48.88448],[2.37876,48.88452],[2.37884,48.88456],[2.37902,48.88463],[2.37905,48.88465],[2.37908,48.88466],[2.37918,48.8847],[2.37952,48.88484],[2.37956,48.88485],[2.37965,48.88486],[2.37978,48.8849],[2.37982,48.88492],[2.37997,48.88498],[2.3808,48.8853],[2.38088,48.88533],[2.3809,48.88533],[2.38092,48.88533],[2.38097,48.88536],[2.38115,48.88544],[2.38231,48.88587]]]}},{"type":"Feature","properties":{"id":"relation/2195038","nom_qua":"Quartier du Combat","name":"Quartier du Combat","quartier":"Quartier du Combat","arrondissement":"","ref_INSEE":""},"geometry":{"type":"Polygon","coordinates":[[[2.37319,48.88125],[2.37314,48.8812],[2.37284,48.88082],[2.37274,48.88054],[2.37222,48.87998],[2.37156,48.87929],[2.37127,48.87898],[2.37068,48.87836],[2.37028,48.87799],[2.37047,48.87783],[2.37091,48.87744],[2.37212,48.87639],[2.3724,48.87614],[2.37345,48.87522],[2.37365,48.87504],[2.37477,48.87404],[2.37513,48.87376],[2.37697,48.87208],[2.37716,48.87216],[2.37752,48.87226],[2.37981,48.87285],[2.38187,48.87327],[2.3826,48.87339],[2.38302,48.87347],[2.3831,48.87348],[2.38376,48.87357],[2.38445,48.87366],[2.38482,48.87373],[2.38494,48.87376],[2.38507,48.8738],[2.38532,48.87392],[2.38569,48.8741],[2.38575,48.87412],[2.38581,48.87416],[2.38628,48.8744],[2.38636,48.87444],[2.38676,48.87459],[2.38685,48.87462],[2.38693,48.87464],[2.38702,48.87465],[2.38745,48.87467],[2.38745,48.87472],[2.3874,48.87561],[2.38741,48.87587],[2.38763,48.87637],[2.38783,48.87684],[2.38787,48.87711],[2.38789,48.87722],[2.38793,48.87755],[2.3882,48.87868],[2.38837,48.87957],[2.3895,48.87955],[2.38834,48.88057],[2.38554,48.88301],[2.38423,48.88416],[2.38333,48.88494],[2.38327,48.88499],[2.3832,48.88506],[2.38231,48.88587],[2.38115,48.88544],[2.38097,48.88536],[2.38092,48.88533],[2.3809,48.88533],[2.38088,48.88533],[2.3808,48.8853],[2.37997,48.88498],[2.37982,48.88492],[2.37978,48.8849],[2.37965,48.88486],[2.37956,48.88485],[2.37952,48.88484],[2.37918,48.8847],[2.37908,48.88466],[2.37905,48.88465],[2.37902,48.88463],[2.37884,48.88456],[2.37876,48.88452],[2.37868,48.88448],[2.37796,48.88408],[2.37786,48.88403],[2.37781,48.884],[2.37771,48.88395],[2.37703,48.88357],[2.37683,48.88345],[2.37677,48.88342],[2.37669,48.88338],[2.37584,48.8829],[2.37565,48.8828],[2.37548,48.88272],[2.37512,48.88252],[2.37507,48.88249],[2.37493,48.88242],[2.3746,48.88225],[2.37452,48.8822],[2.37444,48.88216],[2.37417,48.88202],[2.37319,48.88125]]]}},{"type":"Feature","properties":{"id":"relation/2195086","nom_qua":"Quartier d'Amérique","name":"Quartier d'Amérique","quartier":"Quartier d'Amérique","arrondissement":"","ref_INSEE":""},"geometry":{"type":"Polygon","coordinates":[[[2.38231,48.88587],[2.3832,48.88506],[2.38327,48.88499],[2.38333,48.88494],[2.38423,48.88416],[2.38554,48.88301],[2.38834,48.88057],[2.3895,48.87955],[2.38837,48.87957],[2.3882,48.87868],[2.38793,48.87755],[2.38789,48.87722],[2.38787,48.87711],[2.38783,48.87684],[2.38763,48.87637],[2.38741,48.87587],[2.3874,48.87561],[2.38745,48.87472],[2.38745,48.87467],[2.3877,48.87468],[2.38777,48.87469],[2.38827,48.87471],[2.3885,48.87477],[2.38892,48.87494],[2.38929,48.87511],[2.38951,48.87523],[2.38964,48.87529],[2.38972,48.87531],[2.38997,48.87537],[2.39058,48.87544],[2.392,48.87547],[2.39209,48.87547],[2.39228,48.87545],[2.39249,48.87543],[2.3927,48.87541],[2.39318,48.87535],[2.39356,48.87532],[2.3948,48.87525],[2.39495,48.87525],[2.3952,48.87524],[2.39535,48.87525],[2.39729,48.87543],[2.39893,48.87548],[2.3993,48.87556],[2.39957,48.8756],[2.40184,48.87591],[2.40258,48.87601],[2.40531,48.87681],[2.40601,48.87702],[2.40647,48.87714],[2.40694,48.87722],[2.40756,48.87745],[2.40795,48.87759],[2.40809,48.87763],[2.40943,48.87802],[2.41013,48.87822],[2.41084,48.87843],[2.40929,48.88028],[2.40838,48.88038],[2.40714,48.88051],[2.40461,48.88122],[2.40372,48.88149],[2.40147,48.88261],[2.40009,48.88382],[2.39922,48.88542],[2.39921,48.88587],[2.39921,48.88654],[2.39921,48.88671],[2.39919,48.88764],[2.39919,48.88767],[2.39919,48.88823],[2.39917,48.88833],[2.39892,48.88956],[2.3988,48.89024],[2.39582,48.8895],[2.39509,48.8893],[2.39377,48.88896],[2.39198,48.88848],[2.39177,48.88843],[2.38941,48.88781],[2.3891,48.88773],[2.38865,48.88762],[2.38716,48.88723],[2.38703,48.88719],[2.38621,48.88698],[2.38507,48.88669],[2.38483,48.88663],[2.38474,48.88661],[2.38446,48.88653],[2.38299,48.88615],[2.38231,48.88587]]]}},{"type":"Feature","properties":{"id":"relation/2195087","nom_qua":"Quartier du Pont-de-Flandre","name":"Quartier du Pont-de-Flandre","quartier":"Quartier du Pont-de-Flandre","arrondissement":"","ref_INSEE":""},"geometry":{"type":"Polygon","coordinates":[[[2.38939,48.90122],[2.3892,48.90126],[2.38724,48.90163],[2.38619,48.90183],[2.38498,48.90205],[2.38443,48.90216],[2.38008,48.90207],[2.379,48.90205],[2.37598,48.90198],[2.37155,48.90189],[2.37029,48.90186],[2.37023,48.90176],[2.37019,48.90166],[2.37017,48.90162],[2.37017,48.90158],[2.37016,48.90154],[2.37017,48.90143],[2.37021,48.90089],[2.37022,48.90039],[2.37024,48.89994],[2.37026,48.8993],[2.37027,48.89928],[2.37031,48.89816],[2.37033,48.8977],[2.37036,48.89734],[2.37036,48.89729],[2.37037,48.89694],[2.37039,48.89663],[2.37063,48.89643],[2.37126,48.89592],[2.3713,48.8958],[2.3714,48.89573],[2.37175,48.89545],[2.37179,48.89542],[2.37172,48.89538],[2.37134,48.89517],[2.37081,48.89485],[2.37052,48.89464],[2.37043,48.89453],[2.37056,48.89449],[2.37068,48.89447],[2.37075,48.89444],[2.37137,48.89428],[2.37313,48.89381],[2.37332,48.89375],[2.37347,48.89374],[2.37362,48.89373],[2.37424,48.89368],[2.37525,48.89361],[2.37618,48.89355],[2.37643,48.89352],[2.37664,48.89351],[2.37677,48.89349],[2.3768,48.89348],[2.37684,48.89346],[2.37707,48.89335],[2.37734,48.89321],[2.37798,48.89289],[2.3781,48.89283],[2.3788,48.89248],[2.37894,48.8924],[2.37901,48.89237],[2.37907,48.89234],[2.37913,48.89232],[2.37922,48.89227],[2.38202,48.89079],[2.3821,48.89074],[2.38267,48.89024],[2.38357,48.88945],[2.38356,48.88946],[2.38368,48.88936],[2.38377,48.88929],[2.38432,48.88829],[2.38436,48.8882],[2.38454,48.88787],[2.3847,48.8872],[2.38483,48.88663],[2.38507,48.88669],[2.38621,48.88698],[2.38703,48.88719],[2.38716,48.88723],[2.38865,48.88762],[2.3891,48.88773],[2.38941,48.88781],[2.39177,48.88843],[2.39198,48.88848],[2.39377,48.88896],[2.39509,48.8893],[2.39582,48.8895],[2.3988,48.89024],[2.39862,48.89134],[2.39829,48.89263],[2.39812,48.89328],[2.39808,48.89344],[2.39805,48.89356],[2.39803,48.89362],[2.39802,48.89365],[2.39801,48.89368],[2.39776,48.89459],[2.39773,48.89465],[2.39707,48.89574],[2.39703,48.89582],[2.397,48.89587],[2.39693,48.89598],[2.39646,48.89675],[2.39644,48.89678],[2.39603,48.89745],[2.39578,48.89785],[2.39553,48.89826],[2.39374,48.89927],[2.39128,48.90066],[2.39122,48.90069],[2.39122,48.90069],[2.39121,48.90069],[2.39069,48.90098],[2.38939,48.90122]]]}},{"type":"Feature","properties":{"id":"relation/2195111","nom_qua":"Quartier Saint-Fargeau","name":"Quartier Saint-Fargeau","quartier":"Quartier Saint-Fargeau","arrondissement":"","ref_INSEE":""},"geometry":{"type":"Polygon","coordinates":[[[2.40633,48.86235],[2.40639,48.86241],[2.40762,48.86367],[2.40769,48.86374],[2.40814,48.86423],[2.40826,48.86435],[2.40829,48.86437],[2.40832,48.86438],[2.40884,48.8645],[2.41011,48.86479],[2.41098,48.86498],[2.41172,48.86515],[2.41389,48.86517],[2.41391,48.86567],[2.41396,48.86746],[2.41397,48.86759],[2.41397,48.86785],[2.414,48.86892],[2.41397,48.86931],[2.41395,48.86951],[2.41382,48.87056],[2.41365,48.87241],[2.41363,48.87245],[2.41345,48.87315],[2.4134,48.87331],[2.41329,48.87369],[2.41322,48.87394],[2.41319,48.87404],[2.41315,48.87413],[2.41285,48.87517],[2.41284,48.87521],[2.41253,48.87625],[2.41253,48.87628],[2.4125,48.87638],[2.41186,48.87715],[2.41086,48.8784],[2.41084,48.87843],[2.41013,48.87822],[2.40943,48.87802],[2.40809,48.87763],[2.40795,48.87759],[2.40756,48.87745],[2.40694,48.87722],[2.40647,48.87714],[2.40601,48.87702],[2.40531,48.87681],[2.40258,48.87601],[2.40184,48.87591],[2.39957,48.8756],[2.3993,48.87556],[2.39893,48.87548],[2.39729,48.87543],[2.39535,48.87525],[2.39543,48.87516],[2.39581,48.87439],[2.39589,48.87359],[2.39615,48.87273],[2.3961,48.87262],[2.39606,48.8725],[2.39569,48.87157],[2.39562,48.87138],[2.39537,48.87071],[2.39552,48.87041],[2.39579,48.87006],[2.39609,48.87011],[2.39762,48.87026],[2.3978,48.87032],[2.39822,48.87048],[2.39867,48.87062],[2.39925,48.87079],[2.39927,48.87077],[2.40133,48.86841],[2.40168,48.86801],[2.40173,48.86794],[2.40214,48.8674],[2.40221,48.86731],[2.40225,48.86725],[2.40229,48.86719],[2.40265,48.86672],[2.40303,48.86619],[2.40312,48.86607],[2.40319,48.86597],[2.40324,48.86592],[2.40355,48.86551],[2.4041,48.86477],[2.40416,48.86469],[2.40433,48.86445],[2.40411,48.86384],[2.40403,48.86366],[2.40399,48.86356],[2.40398,48.86353],[2.404,48.86349],[2.40411,48.86337],[2.40421,48.86328],[2.40454,48.86302],[2.40477,48.8629],[2.40498,48.8628],[2.4059,48.8625],[2.40624,48.86239],[2.40633,48.86235]]]}},{"type":"Feature","properties":{"id":"relation/2195117","nom_qua":"Quartier de Belleville","name":"Quartier de Belleville","quartier":"Quartier de Belleville","arrondissement":"","ref_INSEE":""},"geometry":{"type":"Polygon","coordinates":[[[2.38314,48.86708],[2.38329,48.86711],[2.38652,48.8679],[2.38663,48.86792],[2.38692,48.868],[2.38714,48.86805],[2.38804,48.86827],[2.38817,48.86831],[2.38834,48.86835],[2.3884,48.86836],[2.38904,48.86852],[2.38917,48.86855],[2.38928,48.86858],[2.38941,48.86861],[2.38963,48.86866],[2.38979,48.86871],[2.38991,48.86874],[2.39136,48.86909],[2.39144,48.86911],[2.3918,48.86919],[2.39193,48.86921],[2.39252,48.8693],[2.39311,48.8695],[2.39427,48.86994],[2.39452,48.86995],[2.3953,48.86999],[2.39579,48.87006],[2.39552,48.87041],[2.39537,48.87071],[2.39562,48.87138],[2.39569,48.87157],[2.39606,48.8725],[2.3961,48.87262],[2.39615,48.87273],[2.39589,48.87359],[2.39581,48.87439],[2.39543,48.87516],[2.39535,48.87525],[2.3952,48.87524],[2.39495,48.87525],[2.3948,48.87525],[2.39356,48.87532],[2.39318,48.87535],[2.3927,48.87541],[2.39249,48.87543],[2.39228,48.87545],[2.39209,48.87547],[2.392,48.87547],[2.39058,48.87544],[2.38997,48.87537],[2.38972,48.87531],[2.38964,48.87529],[2.38951,48.87523],[2.38929,48.87511],[2.38892,48.87494],[2.3885,48.87477],[2.38827,48.87471],[2.38777,48.87469],[2.3877,48.87468],[2.38745,48.87467],[2.38702,48.87465],[2.38693,48.87464],[2.38685,48.87462],[2.38676,48.87459],[2.38636,48.87444],[2.38628,48.8744],[2.38581,48.87416],[2.38575,48.87412],[2.38569,48.8741],[2.38532,48.87392],[2.38507,48.8738],[2.38494,48.87376],[2.38482,48.87373],[2.38445,48.87366],[2.38376,48.87357],[2.3831,48.87348],[2.38302,48.87347],[2.3826,48.87339],[2.38187,48.87327],[2.37981,48.87285],[2.37752,48.87226],[2.37716,48.87216],[2.37697,48.87208],[2.37798,48.8711],[2.37877,48.87047],[2.37998,48.86952],[2.38005,48.86947],[2.38308,48.86718],[2.38314,48.86708]]]}},{"type":"Feature","properties":{"id":"relation/2195118","nom_qua":"Quartier du Père-Lachaise","name":"Quartier du Père-Lachaise","quartier":"Quartier du Père-Lachaise","arrondissement":"","ref_INSEE":""},"geometry":{"type":"Polygon","coordinates":[[[2.39579,48.87006],[2.3953,48.86999],[2.39452,48.86995],[2.39427,48.86994],[2.39311,48.8695],[2.39252,48.8693],[2.39193,48.86921],[2.3918,48.86919],[2.39144,48.86911],[2.39136,48.86909],[2.38991,48.86874],[2.38979,48.86871],[2.38963,48.86866],[2.38941,48.86861],[2.38928,48.86858],[2.38917,48.86855],[2.38904,48.86852],[2.3884,48.86836],[2.38834,48.86835],[2.38817,48.86831],[2.38804,48.86827],[2.38714,48.86805],[2.38692,48.868],[2.38663,48.86792],[2.38652,48.8679],[2.38329,48.86711],[2.38314,48.86708],[2.38346,48.86644],[2.3837,48.86623],[2.3849,48.86519],[2.38502,48.86508],[2.38618,48.86407],[2.3873,48.86308],[2.38743,48.86291],[2.38752,48.86276],[2.38752,48.86275],[2.38756,48.86267],[2.38834,48.86107],[2.3884,48.86094],[2.38882,48.86006],[2.38885,48.85999],[2.38888,48.85994],[2.38896,48.85978],[2.38898,48.85973],[2.38954,48.85858],[2.38958,48.85853],[2.38963,48.8585],[2.38972,48.85845],[2.3898,48.85843],[2.39017,48.85832],[2.39227,48.85769],[2.39447,48.85656],[2.39453,48.85657],[2.39467,48.8566],[2.39532,48.85671],[2.39614,48.85676],[2.39718,48.85686],[2.39771,48.85696],[2.39785,48.85699],[2.3989,48.85734],[2.39915,48.85748],[2.39933,48.85758],[2.39942,48.85763],[2.3996,48.85773],[2.40038,48.85817],[2.40049,48.85824],[2.40071,48.85837],[2.40102,48.85855],[2.40123,48.85866],[2.40126,48.85867],[2.40127,48.85868],[2.40165,48.85889],[2.40205,48.8591],[2.40212,48.85914],[2.40227,48.85923],[2.40249,48.85935],[2.40276,48.85949],[2.40305,48.85963],[2.40309,48.85967],[2.40315,48.8597],[2.40394,48.8601],[2.40416,48.86022],[2.40462,48.86062],[2.40467,48.86068],[2.40486,48.86085],[2.40573,48.8617],[2.40581,48.86179],[2.40588,48.86187],[2.40595,48.86195],[2.40614,48.86214],[2.40627,48.86228],[2.40633,48.86235],[2.40624,48.86239],[2.4059,48.8625],[2.40498,48.8628],[2.40477,48.8629],[2.40454,48.86302],[2.40421,48.86328],[2.40411,48.86337],[2.404,48.86349],[2.40398,48.86353],[2.40399,48.86356],[2.40403,48.86366],[2.40411,48.86384],[2.40433,48.86445],[2.40416,48.86469],[2.4041,48.86477],[2.40355,48.86551],[2.40324,48.86592],[2.40319,48.86597],[2.40312,48.86607],[2.40303,48.86619],[2.40265,48.86672],[2.40229,48.86719],[2.40225,48.86725],[2.40221,48.86731],[2.40214,48.8674],[2.40173,48.86794],[2.40168,48.86801],[2.40133,48.86841],[2.39927,48.87077],[2.39925,48.87079],[2.39867,48.87062],[2.39822,48.87048],[2.3978,48.87032],[2.39762,48.87026],[2.39609,48.87011],[2.39579,48.87006]]]}},{"type":"Feature","properties":{"id":"relation/2195144","nom_qua":"Quartier de la Chapelle","name":"Quartier de la Chapelle","quartier":"Quartier de la Chapelle","arrondissement":"","ref_INSEE":""},"geometry":{"type":"Polygon","coordinates":[[[2.35931,48.88443],[2.35986,48.88442],[2.36028,48.88442],[2.36091,48.88442],[2.36144,48.88441],[2.36254,48.88441],[2.36392,48.88439],[2.36433,48.88439],[2.36473,48.88437],[2.36478,48.88445],[2.36623,48.88601],[2.36629,48.88611],[2.3665,48.88635],[2.36655,48.88641],[2.36672,48.88661],[2.36678,48.88672],[2.36681,48.8868],[2.36696,48.88712],[2.36701,48.88724],[2.36706,48.88733],[2.36709,48.88742],[2.36717,48.8876],[2.3673,48.88797],[2.36742,48.88828],[2.36751,48.88851],[2.36755,48.88859],[2.36759,48.8887],[2.36771,48.88891],[2.36816,48.88977],[2.36818,48.8898],[2.36831,48.89008],[2.36849,48.89049],[2.36946,48.89269],[2.36951,48.89282],[2.36954,48.8929],[2.36959,48.89302],[2.36982,48.89354],[2.36986,48.89362],[2.36988,48.89366],[2.37004,48.89406],[2.37013,48.89418],[2.37017,48.89426],[2.37043,48.89453],[2.37052,48.89464],[2.37081,48.89485],[2.37134,48.89517],[2.37172,48.89538],[2.37179,48.89542],[2.37175,48.89545],[2.3714,48.89573],[2.3713,48.8958],[2.37126,48.89592],[2.37063,48.89643],[2.37039,48.89663],[2.37037,48.89694],[2.37036,48.89729],[2.37036,48.89734],[2.37033,48.8977],[2.37031,48.89816],[2.37027,48.89928],[2.37026,48.8993],[2.37024,48.89994],[2.37022,48.90039],[2.37021,48.90089],[2.37017,48.90143],[2.37016,48.90154],[2.37017,48.90158],[2.37017,48.90162],[2.37019,48.90166],[2.37023,48.90176],[2.37029,48.90186],[2.37011,48.90185],[2.36563,48.90176],[2.36199,48.90169],[2.36171,48.90168],[2.36151,48.90168],[2.35945,48.90164],[2.35885,48.90162],[2.35899,48.89975],[2.35909,48.89837],[2.35926,48.89645],[2.35927,48.89628],[2.35928,48.89612],[2.35931,48.89563],[2.35933,48.89546],[2.35933,48.89545],[2.35938,48.89479],[2.35945,48.89438],[2.35983,48.89201],[2.3599,48.89028],[2.35992,48.89021],[2.35992,48.88999],[2.3599,48.88907],[2.35987,48.88822],[2.35987,48.88818],[2.35983,48.88779],[2.3598,48.88758],[2.35963,48.88683],[2.35948,48.88611],[2.35935,48.88536],[2.35931,48.88443]]]}},{"type":"Feature","properties":{"id":"relation/2195145","nom_qua":"Quartier de la Goutte-d'Or","name":"Quartier de la Goutte-d'Or","quartier":"Quartier de la Goutte-d'Or","arrondissement":"","ref_INSEE":""},"geometry":{"type":"Polygon","coordinates":[[[2.35931,48.88443],[2.35935,48.88536],[2.35948,48.88611],[2.35963,48.88683],[2.3598,48.88758],[2.35983,48.88779],[2.35987,48.88818],[2.35987,48.88822],[2.3599,48.88907],[2.35992,48.88999],[2.35992,48.89021],[2.3599,48.89028],[2.35983,48.89201],[2.35945,48.89438],[2.35938,48.89479],[2.35933,48.89545],[2.35933,48.89546],[2.35931,48.89563],[2.35928,48.89612],[2.35927,48.89628],[2.35926,48.89645],[2.35909,48.89837],[2.35899,48.89975],[2.35885,48.90162],[2.35848,48.90162],[2.35843,48.90162],[2.35784,48.90161],[2.35507,48.90155],[2.35325,48.90151],[2.3531,48.90151],[2.35206,48.90149],[2.35195,48.90149],[2.35224,48.90001],[2.35232,48.89961],[2.35247,48.89855],[2.35249,48.89845],[2.35254,48.89789],[2.35271,48.89716],[2.3529,48.89601],[2.35291,48.89596],[2.35294,48.89564],[2.35291,48.89511],[2.35284,48.89422],[2.35266,48.8934],[2.35262,48.89318],[2.35234,48.89265],[2.35167,48.89138],[2.35162,48.89126],[2.35161,48.89119],[2.35161,48.89112],[2.3516,48.8911],[2.35153,48.89074],[2.35147,48.89053],[2.35145,48.89047],[2.35145,48.89046],[2.35165,48.88906],[2.35159,48.88836],[2.35154,48.88829],[2.35137,48.88795],[2.35134,48.88789],[2.35104,48.88723],[2.351,48.88716],[2.35079,48.88678],[2.35075,48.8867],[2.35068,48.88663],[2.3504,48.8863],[2.35016,48.88603],[2.3501,48.88598],[2.35006,48.88594],[2.34983,48.88569],[2.34971,48.88558],[2.34951,48.88533],[2.34951,48.88516],[2.34949,48.88449],[2.34948,48.88431],[2.34948,48.88427],[2.34948,48.88416],[2.34947,48.88397],[2.34947,48.88389],[2.34947,48.88386],[2.34948,48.88379],[2.34949,48.88372],[2.34963,48.88373],[2.35003,48.88376],[2.35015,48.88377],[2.3503,48.88378],[2.35039,48.88379],[2.35066,48.88381],[2.35178,48.8839],[2.3525,48.88396],[2.35382,48.88406],[2.35618,48.88421],[2.35723,48.88428],[2.35833,48.88436],[2.35912,48.88442],[2.35931,48.88443]]]}},{"type":"Feature","properties":{"id":"relation/2195154","nom_qua":"Quartier de Clignancourt","name":"Quartier de Clignancourt","quartier":"Quartier de Clignancourt","arrondissement":"","ref_INSEE":""},"geometry":{"type":"Polygon","coordinates":[[[2.33967,48.89118],[2.3399,48.89119],[2.34055,48.89126],[2.34065,48.89127],[2.34064,48.89122],[2.34055,48.89089],[2.34052,48.89083],[2.3405,48.89078],[2.34019,48.88968],[2.34017,48.88962],[2.33976,48.88825],[2.33974,48.88785],[2.33974,48.88779],[2.33969,48.88703],[2.33948,48.88705],[2.33932,48.88691],[2.33909,48.88672],[2.33875,48.8863],[2.33827,48.88633],[2.33819,48.88632],[2.33805,48.88627],[2.33801,48.88624],[2.33797,48.88612],[2.33796,48.8861],[2.33787,48.88587],[2.33788,48.8858],[2.3379,48.88578],[2.33791,48.88577],[2.33795,48.88573],[2.33798,48.88569],[2.33796,48.88565],[2.33777,48.88538],[2.33757,48.88508],[2.33755,48.88505],[2.33774,48.88478],[2.338,48.88456],[2.33805,48.88452],[2.33856,48.88417],[2.33862,48.88413],[2.3391,48.88393],[2.33782,48.88231],[2.33959,48.88206],[2.33982,48.88202],[2.34193,48.88244],[2.34451,48.88295],[2.3467,48.88337],[2.34695,48.88342],[2.34937,48.88371],[2.34949,48.88372],[2.34948,48.88379],[2.34947,48.88386],[2.34947,48.88389],[2.34947,48.88397],[2.34948,48.88416],[2.34948,48.88427],[2.34948,48.88431],[2.34949,48.88449],[2.34951,48.88516],[2.34951,48.88533],[2.34971,48.88558],[2.34983,48.88569],[2.35006,48.88594],[2.3501,48.88598],[2.35016,48.88603],[2.3504,48.8863],[2.35068,48.88663],[2.35075,48.8867],[2.35079,48.88678],[2.351,48.88716],[2.35104,48.88723],[2.35134,48.88789],[2.35137,48.88795],[2.35154,48.88829],[2.35159,48.88836],[2.35165,48.88906],[2.35145,48.89046],[2.35145,48.89047],[2.35147,48.89053],[2.35153,48.89074],[2.3516,48.8911],[2.35161,48.89112],[2.35161,48.89119],[2.35162,48.89126],[2.35167,48.89138],[2.35234,48.89265],[2.35262,48.89318],[2.35266,48.8934],[2.35284,48.89422],[2.35291,48.89511],[2.35294,48.89564],[2.35291,48.89596],[2.3529,48.89601],[2.35271,48.89716],[2.35254,48.89789],[2.35249,48.89845],[2.35247,48.89855],[2.35232,48.89961],[2.35224,48.90001],[2.35195,48.90149],[2.35188,48.90149],[2.34806,48.90141],[2.34499,48.90135],[2.34426,48.90133],[2.34411,48.90133],[2.3441,48.89944],[2.34411,48.89931],[2.3442,48.89795],[2.34399,48.89794],[2.34273,48.89791],[2.34229,48.89722],[2.34204,48.89683],[2.34204,48.89682],[2.34179,48.89646],[2.34176,48.89641],[2.34169,48.89631],[2.34167,48.89628],[2.34141,48.89584],[2.34136,48.89578],[2.34131,48.89569],[2.34079,48.8949],[2.34075,48.89482],[2.34071,48.89472],[2.34066,48.89454],[2.34062,48.89441],[2.34024,48.89317],[2.34022,48.8931],[2.34022,48.8931],[2.34021,48.89308],[2.3401,48.89274],[2.34008,48.89268],[2.34007,48.89263],[2.3397,48.89144],[2.33967,48.89118]]]}},{"type":"Feature","properties":{"id":"relation/2195155","nom_qua":"Quartier des Grandes-Carrières","name":"Quartier des Grandes-Carrières","quartier":"Quartier des Grandes-Carrières","arrondissement":"","ref_INSEE":""},"geometry":{"type":"Polygon","coordinates":[[[2.33967,48.89118],[2.3397,48.89144],[2.34007,48.89263],[2.34008,48.89268],[2.3401,48.89274],[2.34021,48.89308],[2.34022,48.8931],[2.34022,48.8931],[2.34024,48.89317],[2.34062,48.89441],[2.34066,48.89454],[2.34071,48.89472],[2.34075,48.89482],[2.34079,48.8949],[2.34131,48.89569],[2.34136,48.89578],[2.34141,48.89584],[2.34167,48.89628],[2.34169,48.89631],[2.34176,48.89641],[2.34179,48.89646],[2.34204,48.89682],[2.34204,48.89683],[2.34229,48.89722],[2.34273,48.89791],[2.34399,48.89794],[2.3442,48.89795],[2.34411,48.89931],[2.3441,48.89944],[2.34411,48.90133],[2.34399,48.90133],[2.34328,48.90131],[2.34223,48.90129],[2.3399,48.90125],[2.33865,48.90122],[2.33785,48.90121],[2.33741,48.9012],[2.33734,48.9012],[2.33727,48.9012],[2.33714,48.90119],[2.33714,48.90119],[2.33697,48.90119],[2.33676,48.90118],[2.33672,48.90118],[2.33671,48.90118],[2.3366,48.90118],[2.33654,48.90118],[2.33637,48.90118],[2.33617,48.90117],[2.33606,48.90117],[2.33603,48.90117],[2.33583,48.90116],[2.33565,48.90116],[2.33562,48.90116],[2.33551,48.90116],[2.33549,48.90116],[2.33543,48.90115],[2.33538,48.90115],[2.33527,48.90115],[2.33516,48.90115],[2.33511,48.90115],[2.33501,48.90114],[2.33483,48.90114],[2.33472,48.90114],[2.33469,48.90114],[2.33463,48.90114],[2.33461,48.90114],[2.33172,48.90107],[2.33134,48.90106],[2.33117,48.90105],[2.33018,48.90103],[2.33013,48.90095],[2.32948,48.899],[2.32944,48.89889],[2.32942,48.89885],[2.32925,48.89832],[2.32918,48.89819],[2.32915,48.8981],[2.32909,48.89794],[2.32906,48.89784],[2.32901,48.89773],[2.32894,48.89755],[2.32892,48.89746],[2.3289,48.89739],[2.32888,48.89735],[2.32876,48.89696],[2.32743,48.89301],[2.32661,48.89056],[2.32563,48.88763],[2.32559,48.8875],[2.32635,48.88573],[2.32735,48.88369],[2.32736,48.88367],[2.32743,48.88352],[2.32783,48.88361],[2.32814,48.88371],[2.32944,48.88455],[2.33244,48.88385],[2.33702,48.88247],[2.3373,48.8824],[2.33762,48.88234],[2.33782,48.88231],[2.3391,48.88393],[2.33862,48.88413],[2.33856,48.88417],[2.33805,48.88452],[2.338,48.88456],[2.33774,48.88478],[2.33755,48.88505],[2.33757,48.88508],[2.33777,48.88538],[2.33796,48.88565],[2.33798,48.88569],[2.33795,48.88573],[2.33791,48.88577],[2.3379,48.88578],[2.33788,48.8858],[2.33787,48.88587],[2.33796,48.8861],[2.33797,48.88612],[2.33801,48.88624],[2.33805,48.88627],[2.33819,48.88632],[2.33827,48.88633],[2.33875,48.8863],[2.33909,48.88672],[2.33932,48.88691],[2.33948,48.88705],[2.33969,48.88703],[2.33974,48.88779],[2.33974,48.88785],[2.33976,48.88825],[2.34017,48.88962],[2.34019,48.88968],[2.3405,48.89078],[2.34052,48.89083],[2.34055,48.89089],[2.34064,48.89122],[2.34065,48.89127],[2.34055,48.89126],[2.3399,48.89119],[2.33967,48.89118]]]}}]}
